Customer ID,Customer Name,Loyalty Reward Points,Segment,Date,Fraction,Fake_Customer Name,Fake_Customer ID,Fake_Loyalty Reward Points,Fake_Segment,Fake_Date,Fake_Fraction
AA-10315,Alex Avila,76,Consumer,01/01/2000,7.6,Maurice Payne,VTQI60854344801519,514,Segment 1,1978-07-01,74.67
AA-10375,Allen Armold,369,Consumer,02/01/2000,36.9,Damian Cox,QBGJ29435405927622,81,Segment 1,2003-11-25,27.12
AA-10480,Andrew Allen,162,Consumer,03/01/2000,16.2,Dr Angela Harvey,MBID46231757551174,196,Segment 1,2013-06-30,88.1
AA-10645,Anna Andreadi,803,Consumer,04/01/2000,80.3,Dr Martin Marshall,HONB11699658019866,25,Segment 1,1979-11-09,92.92
AB-10015,Aaron Bergman,935,Consumer,05/01/2000,93.5,Simon Cooper-Clarke,PJOQ21649721517626,481,Segment 1,2003-06-20,9.13
AB-10060,Adam Bellavance,643,Home Office,06/01/2000,64.3,Mrs Amber Daly,SWVN39390602577830,53,Segment 2,1985-12-26,46.58
AB-10105,Adrian Barton,373,Consumer,07/01/2000,37.3,Joseph Hudson,JXQN08859704972798,201,Segment 1,1999-09-26,54.75
AB-10150,Aimee Bixby,386,Consumer,08/01/2000,38.6,Harry Tucker,AZKV32413129253270,823,Segment 1,2019-12-31,12.78
AB-10165,Alan Barnes,114,Consumer,09/01/2000,11.4,Tony Robinson-Morgan,AEHM40887748394278,547,Segment 1,1990-05-12,7.04
AB-10255,Alejandro Ballentine,633,Home Office,10/01/2000,63.3,Mr Darren Tucker,UVWL49513899435498,843,Segment 2,2016-02-07,11.99
AB-10600,Ann Blume,345,Corporate,11/01/2000,34.5,Miss Hazel Howell,VJIG00559879217671,410,Segment 3,1989-04-17,58.21
AC-10420,Alyssa Crouse,149,Corporate,12/01/2000,14.9,Mrs Sara Osborne,ERCK31361131794937,768,Segment 3,1992-12-24,76.24
AC-10450,Amy Cox,506,Consumer,13/01/2000,50.6,Samantha Price,CZPR02062003763048,662,Segment 1,1974-02-25,14.25
AC-10615,Ann Chong,518,Corporate,14/01/2000,51.8,Miss Valerie Bray,QDVT83197467429518,611,Segment 3,1980-01-22,41.08
AC-10660,Anna Chung,849,Consumer,15/01/2000,84.9,Geraldine Graham,TQSY34476471094767,469,Segment 1,2010-08-23,93.83
AD-10180,Alan Dominguez,240,Home Office,16/01/2000,24.0,Ian Wilson,HNOS01669274917466,605,Segment 2,1987-02-19,73.26
AF-10870,Art Ferguson,273,Consumer,17/01/2000,27.3,Samuel Holland,BXXT16977963663492,417,Segment 1,1985-01-02,30.68
AF-10885,Art Foster,610,Consumer,18/01/2000,61.0,Miss Harriet Harrison,LGHJ33636698323762,100,Segment 1,2020-07-01,10.64
AG-10270,Alejandro Grove,515,Consumer,19/01/2000,51.5,Mr Kenneth Webster,KQXQ06258374820355,503,Segment 1,1988-01-13,18.71
AG-10300,Aleksandra Gannaway,842,Corporate,20/01/2000,84.2,Diana Winter,AFLZ21663750381829,390,Segment 3,2014-12-02,48.14
AG-10330,Alex Grayson,498,Consumer,21/01/2000,49.8,Sean Cook,XJEM50427063420305,809,Segment 1,1982-12-26,37.77
AG-10390,Allen Goldenen,889,Consumer,22/01/2000,88.9,Rhys Smith,FYDU26090291710453,578,Segment 1,2008-09-13,98.14
AG-10495,Andrew Gjertsen,385,Corporate,23/01/2000,38.5,Bruce Wood,NYOK60255413509948,187,Segment 3,1978-10-11,28.31
AG-10525,Andy Gerbode,832,Corporate,24/01/2000,83.2,Ms Carol Pearce,WKDB24858647252987,580,Segment 3,1994-09-08,68.96
AG-10675,Anna Gayman,315,Consumer,25/01/2000,31.5,Amber Jones,XMUO81407352519723,234,Segment 1,1983-09-11,66.11
AG-10765,Anthony Garverick,197,Home Office,26/01/2000,19.7,Mr Terry Davis,ESBF67881005977565,746,Segment 2,1970-07-19,30.69
AG-10900,Arthur Gainer,184,Consumer,27/01/2000,18.4,Mrs Lauren Davies,GQLZ68166028774150,113,Segment 1,1970-11-07,46.42
AH-10030,Aaron Hawkins,745,Corporate,28/01/2000,74.5,Hugh Parkes-Hartley,TSRM72298029292895,219,Segment 3,2018-07-22,85.73
AH-10075,Adam Hart,919,Corporate,29/01/2000,91.9,Dr Joel Rowley,ZPZA83014396579983,45,Segment 3,1994-10-19,0.64
AH-10120,Adrian Hane,592,Home Office,30/01/2000,59.2,Mrs Lynne Pugh,ICIG37425088384468,524,Segment 2,1995-09-17,75.17
AH-10195,Alan Haines,359,Corporate,31/01/2000,35.9,Eleanor Kirk,ISYU48079706972446,178,Segment 3,2007-03-15,9.43
AH-10210,Alan Hwang,859,Consumer,01/02/2000,85.9,Mrs Kim Lawrence,OKLW78126375685220,649,Segment 1,1991-03-03,39.94
AH-10465,Amy Hunt,689,Consumer,02/02/2000,68.9,Jean Faulkner,SOBK03548914177149,417,Segment 1,1986-01-18,29.04
AH-10585,Angele Hood,923,Consumer,03/02/2000,92.3,Graham Chan,CSBZ88614132875732,109,Segment 1,1996-04-09,76.74
AH-10690,Anna Häberlin,770,Corporate,04/02/2000,77.0,Joshua Jones-Gallagher,SVDW67075025269017,160,Segment 3,1988-09-21,87.57
AI-10855,Arianne Irving,993,Consumer,05/02/2000,99.3,Rhys Wilkinson,HNXT32733608964533,295,Segment 1,2016-09-30,9.61
AJ-10780,Anthony Jacobs,765,Corporate,06/02/2000,76.5,Gerald Noble,HNSW95834305967734,460,Segment 3,2008-01-22,21.27
AJ-10795,Anthony Johnson,828,Corporate,07/02/2000,82.8,David Fisher,BIPW10483416086597,63,Segment 3,2014-12-04,23.5
AJ-10945,Ashley Jarboe,509,Consumer,08/02/2000,50.9,Charlie Jenkins,NSGF10486809385440,92,Segment 1,2005-02-03,72.58
AJ-10960,Astrea Jones,892,Consumer,09/02/2000,89.2,Mrs Frances Morton,HMUO55599036640466,645,Segment 1,2006-01-05,6.53
AM-10360,Alice McCarthy,869,Corporate,10/02/2000,86.9,Danielle Morris,OBPU28001601308218,681,Segment 3,2003-04-22,29.56
AM-10705,Anne McFarland,514,Consumer,11/02/2000,51.4,Mark Gibbs,MVML74875267781735,57,Segment 1,1990-10-09,33.45
AO-10810,Anthony O'Donnell,105,Corporate,12/02/2000,10.5,Dominic Hutchinson,BYLD64582014926212,216,Segment 3,1978-03-26,2.17
AP-10720,Anne Pryor,951,Home Office,13/02/2000,95.1,Richard White,QLGE64787853278970,780,Segment 2,2003-08-14,46.53
AP-10915,Arthur Prichep,49,Consumer,14/02/2000,4.9,Dr Declan Akhtar,EIKD27041577047295,469,Segment 1,1985-08-04,60.74
AR-10345,Alex Russell,468,Corporate,15/02/2000,46.8,Nicholas Lewis-Shah,YRDG30625491874425,133,Segment 3,2012-06-02,5.33
AR-10405,Allen Rosenblatt,31,Corporate,16/02/2000,3.1,Dr Louise Jackson,OXNE43135439480278,129,Segment 3,2002-02-18,56.15
AR-10510,Andrew Roberts,968,Consumer,17/02/2000,96.8,Lucy Frost,GTZB10754440266508,762,Segment 1,1992-03-05,91.02
AR-10540,Andy Reiter,957,Consumer,18/02/2000,95.7,Diana Barker,RHZW68095904265673,960,Segment 1,2018-05-08,51.25
AR-10570,Anemone Ratner,538,Consumer,19/02/2000,53.8,Chloe Mason,CKCY42415738954671,288,Segment 1,2013-02-13,99.39
AR-10825,Anthony Rawles,208,Corporate,20/02/2000,20.8,Nathan Wilkinson,NFEU63330778703606,499,Segment 3,2014-06-24,17.01
AS-10045,Aaron Smayling,276,Corporate,21/02/2000,27.6,Robert Hill,SZEA01457819851837,241,Segment 3,1986-08-11,77.84
AS-10090,Adam Shillingsburg,594,Consumer,22/02/2000,59.4,Linda Rose-Barton,NELW98868797958810,723,Segment 1,2021-02-23,13.59
AS-10135,Adrian Shami,593,Home Office,23/02/2000,59.3,Cheryl Howe,HSFI71026348924699,842,Segment 2,1984-02-18,69.66
AS-10225,Alan Schoenberger,926,Corporate,24/02/2000,92.6,Jodie Harris-Bond,FVBD80955153082651,129,Segment 3,1988-04-22,59.62
AS-10240,Alan Shonely,227,Consumer,25/02/2000,22.7,Dr Bryan Dixon,MPUI20141070724967,301,Segment 1,2004-01-01,33.8
AS-10285,Alejandro Savely,26,Corporate,26/02/2000,2.6,Luke Allen,RDVC21450367889846,880,Segment 3,1988-10-16,44.84
AS-10630,Ann Steele,378,Home Office,27/02/2000,37.8,Wayne Barker,TFIH91922301553242,400,Segment 2,2000-11-18,44.41
AT-10435,Alyssa Tate,646,Home Office,28/02/2000,64.6,Jane Fox,FLLV85794532213076,713,Segment 2,2000-01-05,69.31
AT-10735,Annie Thurman,716,Consumer,29/02/2000,71.6,Olivia Hall-Farmer,ZZVY66809551255565,682,Segment 1,1973-03-01,90.04
AW-10840,Anthony Witt,161,Consumer,01/03/2000,16.1,Diane Stewart,WYVS99932749166979,161,Segment 1,1980-05-10,45.64
AW-10930,Arthur Wiediger,775,Home Office,02/03/2000,77.5,Mr Alexander Stewart,GIPD77941861501738,669,Segment 2,2004-06-26,6.58
AY-10555,Andy Yotov,701,Corporate,03/03/2000,70.1,Martyn Hunt,UQSP47761010972552,795,Segment 3,2006-06-16,47.71
AZ-10750,Annie Zypern,199,Consumer,04/03/2000,19.9,Ms Marion Whitehouse,UPFY91445043926425,199,Segment 1,1973-02-22,71.71
BB-10990,Barry Blumstein,569,Corporate,05/03/2000,56.9,Keith Powell,NWPY69057302152965,666,Segment 3,1998-12-19,26.59
BB-11545,Brenda Bowman,345,Corporate,06/03/2000,34.5,Carl Talbot,TJFV31586512020808,410,Segment 3,2006-10-16,58.21
BC-11125,Becky Castell,143,Home Office,07/03/2000,14.3,Jemma Moore,LBPH09543412410253,134,Segment 2,2008-07-10,86.08
BD-11320,Bill Donatelli,32,Consumer,08/03/2000,3.2,Alan Davies,UDGD07787135996570,261,Segment 1,1981-02-04,27.47
BD-11500,Bradley Drucker,503,Consumer,09/03/2000,50.3,Ben Hicks-Campbell,BGIH47297519229612,671,Segment 1,1994-07-16,69.34
BD-11560,Brendan Dodson,997,Home Office,10/03/2000,99.7,Mr Victor Joyce,VABB02111220466134,196,Segment 2,2018-07-18,35.43
BD-11605,Brian Dahlen,705,Consumer,11/03/2000,70.5,Ms Alison Griffiths,BGNN66441737501524,747,Segment 1,1978-11-01,19.29
BD-11620,Brian DeCherney,497,Consumer,12/03/2000,49.7,Robert Bennett,QBKX05769643815246,652,Segment 1,1974-01-09,12.17
BD-11635,Brian Derr,511,Consumer,13/03/2000,51.1,Kenneth Jackson,LDIS25144458770988,295,Segment 1,1994-08-15,83.44
BD-11725,Bruce Degenhardt,226,Consumer,14/03/2000,22.6,Mr Danny Mann,YAQC75016863652329,972,Segment 1,1992-03-25,58.21
BD-11770,Bryan Davis,543,Consumer,15/03/2000,54.3,Dr Lee Wood,XMJB28444416922599,124,Segment 1,2015-10-11,84.75
BE-11335,Bill Eplett,749,Home Office,16/03/2000,74.9,Philip Schofield,PITT77914184949201,348,Segment 2,1992-07-19,67.68
BE-11410,Bobby Elias,445,Consumer,17/03/2000,44.5,Miss Rita Shaw,KIMD90691842696855,967,Segment 1,2008-06-19,80.37
BE-11455,Brad Eason,234,Home Office,18/03/2000,23.4,Reece Wright,BWWU90582392129225,972,Segment 2,1980-08-17,72.42
BF-10975,Barbara Fisher,559,Corporate,19/03/2000,55.9,Dr Gerald Finch,HNAM64037487547588,276,Segment 3,1981-10-17,4.13
BF-11005,Barry Franz,697,Home Office,20/03/2000,69.7,Joanne Gordon-Fox,SVSG26747950330881,578,Segment 2,1983-06-01,17.31
BF-11020,Barry Französisch,338,Corporate,21/03/2000,33.8,Dr Jay Wyatt,WIZL76711634714635,765,Segment 3,1991-09-18,28.0
BF-11080,Bart Folk,266,Consumer,22/03/2000,26.6,Dr Aaron Walsh,RUTG40343549011261,654,Segment 1,1990-12-29,4.31
BF-11170,Ben Ferrer,471,Home Office,23/03/2000,47.1,Clifford Jones,EMZD34226002297640,742,Segment 2,2002-12-17,8.97
BF-11215,Benjamin Farhat,756,Home Office,24/03/2000,75.6,Lisa Harrison,PYDE69090206394554,311,Segment 2,2022-04-23,18.13
BF-11275,Beth Fritzler,555,Corporate,25/03/2000,55.5,Arthur Pugh,GPVV40952760041129,874,Segment 3,2012-12-28,40.1
BG-11035,Barry Gonzalez,398,Consumer,26/03/2000,39.8,Suzanne McCarthy,MROS47904011306139,918,Segment 1,1994-07-16,91.07
BG-11695,Brooke Gillingham,534,Corporate,27/03/2000,53.4,Danielle Clayton-Davies,PYIJ02284426348924,176,Segment 3,1985-05-27,65.8
BG-11740,Bruce Geld,155,Consumer,28/03/2000,15.5,Graeme Mason,CTVO44496981047682,85,Segment 1,2007-09-24,58.8
BH-11710,Brosina Hoffman,676,Consumer,29/03/2000,67.6,Ms Carol Wilson,WZSD27223020763500,806,Segment 1,1998-12-05,38.95
BK-11260,Berenike Kampe,852,Consumer,30/03/2000,85.2,Deborah Mason,REGP41936873153710,257,Segment 1,2022-01-27,87.31
BM-11140,Becky Martin,525,Consumer,31/03/2000,52.5,Vincent Collins,DTCX59315060694561,767,Segment 1,1990-08-07,96.6
BM-11575,Brendan Murry,31,Corporate,01/04/2000,3.1,Adam Clarke,GDPK96520232557455,129,Segment 3,2017-10-13,56.15
BM-11650,Brian Moss,825,Corporate,02/04/2000,82.5,Jason Taylor-Wallace,GTOQ12182345183589,823,Segment 3,1976-10-22,74.2
BM-11785,Bryan Mills,220,Consumer,03/04/2000,22.0,Jane Morgan-Lambert,TQFQ37170540409832,947,Segment 1,1993-10-21,90.91
BN-11470,Brad Norvell,977,Corporate,04/04/2000,97.7,Martyn Marshall,QMYZ97682824232235,156,Segment 3,2019-08-06,35.09
BN-11515,Bradley Nguyen,681,Consumer,05/04/2000,68.1,Ben Stevenson-Walton,EYOV52043467440109,671,Segment 1,1977-01-30,48.93
BO-11350,Bill Overfelt,262,Corporate,06/04/2000,26.2,Holly Jones-Harris,GMBS34692438505977,98,Segment 3,2018-06-11,53.61
BO-11425,Bobby Odegard,429,Consumer,07/04/2000,42.9,Dr Phillip Austin,OEBD08218868840662,34,Segment 1,2002-10-30,84.13
BP-11050,Barry Pond,424,Corporate,08/04/2000,42.4,Kathryn Blake,LUPL40506511811814,810,Segment 3,1999-11-09,21.0
BP-11095,Bart Pistole,654,Corporate,09/04/2000,65.4,Miss Margaret Coles,XJCL60863752467258,957,Segment 3,2018-06-11,22.05
BP-11155,Becky Pak,41,Consumer,10/04/2000,4.1,Mrs Emma Lewis,HKPG15276171424051,636,Segment 1,2020-03-03,70.51
BP-11185,Ben Peterman,68,Corporate,11/04/2000,6.8,Glen Barker-Barber,ZZWI59391185276712,700,Segment 3,1983-12-08,52.69
BP-11230,Benjamin Patterson,95,Consumer,12/04/2000,9.5,Garry Smith,DXKE99916317199482,211,Segment 1,2000-03-26,64.56
BP-11290,Beth Paige,51,Consumer,13/04/2000,5.1,Dr Wendy Foster,XAJR19909837503527,822,Segment 1,1985-09-11,24.78
BS-11365,Bill Shonely,15,Corporate,14/04/2000,1.5,Diana Smith-Smith,PIUJ01673887932813,75,Segment 3,1971-08-23,73.62
BS-11380,Bill Stewart,760,Corporate,15/04/2000,76.0,Susan Dickinson,OBLV72545553034791,801,Segment 3,1990-04-05,79.4
BS-11590,Brendan Sweed,848,Corporate,16/04/2000,84.8,Bernard Cook,MVPB03828707839519,45,Segment 3,2009-02-05,85.48
BS-11665,Brian Stugart,995,Consumer,17/04/2000,99.5,Ruth Stone,LDXG32978542180011,922,Segment 1,2010-03-23,52.79
BS-11755,Bruce Stewart,744,Consumer,18/04/2000,74.4,Dr Andrew Mitchell,VUEQ82220212758872,629,Segment 1,2019-09-16,52.09
BS-11800,Bryan Spruell,467,Home Office,19/04/2000,46.7,Christian Kelly,LBUZ34244926514090,140,Segment 2,1997-08-25,99.66
BT-11305,Beth Thompson,6,Home Office,20/04/2000,0.6,Terry Smith-May,JGDN44123609965300,809,Segment 2,1978-11-20,53.55
BT-11395,Bill Tyler,292,Corporate,21/04/2000,29.2,Amy Woodward,MXTK74049541547803,556,Segment 3,1984-05-16,91.83
BT-11440,Bobby Trafton,553,Consumer,22/04/2000,55.3,Mr Ian Slater,ZWZL33493380549626,114,Segment 1,2021-02-16,33.12
BT-11485,Brad Thomas,218,Home Office,23/04/2000,21.8,Gillian Chapman,OEEZ55307825737586,835,Segment 2,1983-02-06,36.64
BT-11530,Bradley Talbott,12,Home Office,24/04/2000,1.2,Ms Aimee Baker,TUJC59520913728397,208,Segment 2,2005-07-26,82.09
BT-11680,Brian Thompson,611,Consumer,25/04/2000,61.1,Daniel Thomas,TBQA26279531442342,172,Segment 1,1999-09-06,62.39
BV-11245,Benjamin Venier,463,Corporate,26/04/2000,46.3,Dr Carl Fowler,YYDC02567448108970,131,Segment 3,1989-03-15,81.94
BW-11065,Barry Weirich,150,Consumer,27/04/2000,15.0,Mrs Amelia Brown,EUES22208540853436,528,Segment 1,1997-04-01,40.45
BW-11110,Bart Watters,890,Corporate,28/04/2000,89.0,Dr Scott Smith,MWBL92206978262499,898,Segment 3,1979-03-26,67.06
BW-11200,Ben Wallace,118,Consumer,29/04/2000,11.8,Megan Fitzgerald,OJBW11411581835978,539,Segment 1,1988-06-23,72.58
CA-11965,Carol Adams,501,Corporate,30/04/2000,50.1,Joe Chambers,BGUV86010320626464,793,Segment 3,1978-09-25,86.45
CA-12055,Cathy Armstrong,490,Home Office,01/05/2000,49.0,Mr Ryan Gibson,TOHS74201995603565,327,Segment 2,2017-05-17,95.37
CA-12265,Christina Anderson,574,Consumer,02/05/2000,57.4,Mr Geoffrey Webb,ZVWR06613270018069,939,Segment 1,1977-06-04,23.3
CA-12310,Christine Abelman,994,Corporate,03/05/2000,99.4,Mr Graeme Griffiths,EVWX19543890882175,486,Segment 3,1984-12-04,76.85
CA-12775,Cynthia Arntzen,48,Consumer,04/05/2000,4.8,Louis Ali,YKSB10060809353670,344,Segment 1,2009-10-21,23.98
CB-12025,Cassandra Brandow,13,Consumer,05/05/2000,1.3,Reece Knight,OSGK69599887216605,571,Segment 1,2004-06-04,38.36
CB-12415,Christy Brittain,248,Consumer,06/05/2000,24.8,Hugh Watts,FIAE72472364092031,571,Segment 1,2015-09-13,42.41
CB-12535,Claudia Bergmann,930,Corporate,07/05/2000,93.0,Amelia Green,VIZA21463644214712,234,Segment 3,2005-06-15,40.9
CC-12100,Chad Cunningham,244,Home Office,08/05/2000,24.4,Martyn Wright-Morgan,RDTA38032645399970,98,Segment 2,1985-03-10,63.43
CC-12145,Charles Crestani,951,Consumer,09/05/2000,95.1,Paula Hutchinson,UWVN19098121358112,780,Segment 1,1979-09-11,46.53
CC-12220,Chris Cortes,452,Consumer,10/05/2000,45.2,Mrs Kerry Wright,VEVW98764242142575,916,Segment 1,1977-08-29,13.77
CC-12370,Christopher Conant,309,Consumer,11/05/2000,30.9,Miss Marion Alexander,MQCK02872359566815,739,Segment 1,2015-03-02,33.29
CC-12430,Chuck Clark,64,Home Office,12/05/2000,6.4,Joshua Phillips,TIHG68322549595910,700,Segment 2,1972-11-14,12.41
CC-12475,Cindy Chapman,308,Consumer,13/05/2000,30.8,Mr Tom Russell,KUZR57663870038621,86,Segment 1,1982-03-16,30.04
CC-12550,Clay Cheatham,513,Consumer,14/05/2000,51.3,Antony Ryan,HDYN32919913546809,568,Segment 1,1989-02-05,88.04
CC-12610,Corey Catlett,973,Corporate,15/05/2000,97.3,Paula Holland-Davies,STJB51505706027457,341,Segment 3,2019-06-21,56.91
CC-12670,Craig Carreira,162,Consumer,16/05/2000,16.2,Mrs Rebecca Wells,BKIN59142990710866,196,Segment 1,1979-02-09,88.1
CC-12685,Craig Carroll,857,Consumer,17/05/2000,85.7,Helen Wilson,XQXM79435423106557,541,Segment 1,1980-11-24,85.99
CD-11920,Carlos Daly,155,Consumer,18/05/2000,15.5,Leonard Lambert,DKKO14956342623638,85,Segment 1,1985-08-19,58.8
CD-11980,Carol Darley,966,Consumer,19/05/2000,96.6,Olivia Hammond-Parry,SROX34507304444984,452,Segment 1,1984-03-18,63.51
CD-12280,Christina DeMoss,377,Consumer,20/05/2000,37.7,Mrs Tracey Dixon,EUKV85194787876080,405,Segment 1,2021-05-08,59.47
CD-12790,Cynthia Delaney,772,Home Office,21/05/2000,77.2,Charlene Cameron,BJDO08203189681121,788,Segment 2,2020-03-12,60.14
CG-12040,Catherine Glotzbach,42,Home Office,22/05/2000,4.2,Mrs Paige Taylor,GIOR02932841627373,974,Segment 2,2019-11-03,63.72
CG-12520,Claire Gute,888,Consumer,23/05/2000,88.8,Dominic Turner-Byrne,BFLD70551743231445,499,Segment 1,1973-09-08,37.6
CH-12070,Cathy Hwang,652,Home Office,24/05/2000,65.2,Dr Dawn Quinn,JRSV46912124610497,217,Segment 2,1987-07-04,7.33
CJ-11875,Carl Jackson,587,Corporate,25/05/2000,58.7,Miss Grace Tomlinson,HUZW10750860844405,825,Segment 3,2003-06-11,78.76
CJ-12010,Caroline Jumper,187,Consumer,26/05/2000,18.7,Gerald Harrison,BIMV60046455122451,913,Segment 1,1979-12-25,10.12
CK-12205,Chloris Kastensmidt,397,Consumer,27/05/2000,39.7,Martin Bennett,GPAP86848347139984,451,Segment 1,1971-09-28,97.88
CK-12325,Christine Kargatis,733,Home Office,28/05/2000,73.3,Jean Wells,ATSH75970605001574,588,Segment 2,1976-02-10,73.51
CK-12595,Clytie Kelty,76,Consumer,29/05/2000,7.6,Clifford Edwards,SCOD03822977163847,514,Segment 1,2007-10-21,74.67
CK-12760,Cyma Kinney,510,Corporate,30/05/2000,51.0,Dr Roy Lynch,SXYS80988198420880,4,Segment 3,1979-12-15,72.97
CL-11890,Carl Ludwig,845,Consumer,31/05/2000,84.5,Mrs Catherine Brooks,HZRH16348866244406,629,Segment 1,1992-08-23,88.76
CL-12565,Clay Ludtke,560,Consumer,01/06/2000,56.0,Danielle Collins,HARF69448943675765,34,Segment 1,2018-08-27,57.51
CL-12700,Craig Leslie,550,Home Office,02/06/2000,55.0,Carolyn Barker,ORID83157955300383,741,Segment 2,2008-03-23,70.4
CM-11815,Candace McMahon,430,Corporate,03/06/2000,43.0,Craig Williams,KAJN56868410903528,616,Segment 3,1987-02-01,56.77
CM-11935,Carlos Meador,144,Consumer,04/06/2000,14.4,Paul Wilson,WQVJ24279627022844,74,Segment 1,1977-07-17,40.65
CM-12115,Chad McGuire,747,Consumer,05/06/2000,74.7,Steven Brown-Miller,TWXP90225719214794,231,Segment 1,1977-11-03,78.56
CM-12160,Charles McCrossin,71,Consumer,06/06/2000,7.1,Maria Thomas,NZNN38093191341289,821,Segment 1,1998-09-01,91.4
CM-12190,Charlotte Melton,908,Consumer,07/06/2000,90.8,Diane Mason,QHSU52220190490318,136,Segment 1,1986-06-22,38.0
CM-12235,Chris McAfee,547,Consumer,08/06/2000,54.7,Miss Katherine Jackson,GHUG20721571120456,126,Segment 1,1990-11-22,14.56
CM-12385,Christopher Martinez,560,Consumer,09/06/2000,56.0,Luke Cunningham,MTAV62937718665929,34,Segment 1,1974-04-21,57.51
CM-12445,Chuck Magee,596,Consumer,10/06/2000,59.6,Mr Ian Craig,OETF58332642251829,723,Segment 1,1975-07-31,66.51
CM-12655,Corinna Mitchell,143,Home Office,11/06/2000,14.3,Miss Emily Whittaker,UVMA59327058495672,134,Segment 2,2007-04-07,86.08
CM-12715,Craig Molinari,464,Corporate,12/06/2000,46.4,Toby Johnson,EVTM29695307155706,852,Segment 3,1980-03-05,60.97
Co-12640,Corey-Lock,11,Consumer,13/06/2000,1.1,Ms Geraldine Hughes,HOVP53984075909324,555,Segment 1,1986-05-15,31.46
CP-12085,Cathy Prescott,563,Corporate,14/06/2000,56.3,Hazel Murphy,WTRF27727546900508,578,Segment 3,1970-07-24,10.07
CP-12340,Christine Phan,261,Corporate,15/06/2000,26.1,Leslie Lawson-Roberts,AFHS34620725757670,115,Segment 3,2020-07-27,79.61
CR-12580,Clay Rozendal,391,Home Office,16/06/2000,39.1,Rachael Clark,AOGK12645730867254,73,Segment 2,2001-04-08,33.25
CR-12625,Corey Roper,75,Home Office,17/06/2000,7.5,Dr Laura Clark,MCZZ95299733417654,517,Segment 2,1999-08-18,44.25
CR-12730,Craig Reiter,852,Consumer,18/06/2000,85.2,Tom Jones,APRX20697890506650,257,Segment 1,2000-04-08,87.31
CR-12820,Cyra Reiten,213,Home Office,19/06/2000,21.3,Brenda Holt,NXGI64562152192982,615,Segment 2,1986-08-23,45.37
CS-11845,Cari Sayre,567,Corporate,20/06/2000,56.7,Dr Lewis O'Donnell,QVKN58204770108121,15,Segment 3,2009-06-20,94.44
CS-11860,Cari Schnelling,232,Consumer,21/06/2000,23.2,Ryan Owen,QIEK53913969113136,390,Segment 1,1986-04-19,96.89
CS-11950,Carlos Soltero,369,Consumer,22/06/2000,36.9,Lee Jordan,RIEL38520536683946,81,Segment 1,1996-09-10,27.12
CS-12130,Chad Sievert,747,Consumer,23/06/2000,74.7,Ronald McCarthy,HNYD95428410383253,231,Segment 1,1980-10-07,78.56
CS-12175,Charles Sheldon,125,Corporate,24/06/2000,12.5,Gavin Smith,CHIA72644440877321,102,Segment 3,1994-04-30,17.33
CS-12250,Chris Selesnick,454,Corporate,25/06/2000,45.4,Diana Burns-Price,IVDT42515531998177,399,Segment 3,1988-08-11,16.46
CS-12355,Christine Sundaresam,356,Consumer,26/06/2000,35.6,Dr Benjamin Edwards,PQKX65146313080068,86,Segment 1,2007-08-29,96.26
CS-12400,Christopher Schild,570,Home Office,27/06/2000,57.0,Katy Wall,FBXX15362679610180,99,Segment 2,2017-08-16,11.88
CS-12460,Chuck Sachs,738,Consumer,28/06/2000,73.8,Jack Read,XNPF52773078865004,685,Segment 1,2012-10-20,73.19
CS-12490,Cindy Schnelling,366,Corporate,29/06/2000,36.6,Ashleigh Thomas,AWOY34166204108379,432,Segment 3,1991-12-28,82.24
CS-12505,Cindy Stewart,224,Consumer,30/06/2000,22.4,Ms Victoria Evans,HZGE94560350236612,268,Segment 1,1998-12-01,59.87
CT-11995,Carol Triggs,446,Consumer,01/07/2000,44.6,Shane Potter,NYSU26504499637883,193,Segment 1,1991-09-22,1.96
CV-12295,Christina VanderZanden,465,Consumer,02/07/2000,46.5,Lawrence Young,OGVN06945145409796,906,Segment 1,1971-09-01,65.1
CV-12805,Cynthia Voltz,531,Corporate,03/07/2000,53.1,Shaun Davies,RTCU25116642886983,595,Segment 3,1995-04-14,6.32
CW-11905,Carl Weiss,18,Home Office,04/07/2000,1.8,Patricia Griffiths,KHOY99090465345186,493,Segment 2,2019-10-22,18.28
CY-12745,Craig Yedwab,213,Corporate,05/07/2000,21.3,Mrs Mandy Ahmed,JMFD65803095570248,615,Segment 3,1993-12-26,45.37
DA-13450,Dianna Arnett,431,Home Office,06/07/2000,43.1,Helen Sharp,UKQA92541815139188,744,Segment 2,1998-05-31,49.43
DB-12910,Daniel Byrd,811,Home Office,07/07/2000,81.1,Dr Melanie Parsons,YAMC51007971050973,928,Segment 2,1971-08-03,75.05
DB-12970,Darren Budd,898,Corporate,08/07/2000,89.8,Shirley Brown,XYSS85106099418935,572,Segment 3,2020-01-27,64.8
DB-13060,Dave Brooks,411,Consumer,09/07/2000,41.1,Mr Stuart Oliver,VKJP44637270643922,848,Segment 1,1981-01-24,52.25
DB-13120,David Bremer,635,Corporate,10/07/2000,63.5,Mrs Hilary Lawrence,UHLH31334802621876,786,Segment 3,1995-08-23,80.79
DB-13210,Dean Braden,33,Consumer,11/07/2000,3.3,Raymond James,HVLL24687457655446,655,Segment 1,2000-01-18,17.76
DB-13270,Deborah Brumfield,396,Home Office,12/07/2000,39.6,Victor Richardson,UDRU75090888122685,446,Segment 2,2013-11-16,74.19
DB-13360,Dennis Bolton,689,Home Office,13/07/2000,68.9,Amy Smith-Marsden,XBGV58070272896118,417,Segment 2,1988-12-22,29.04
DB-13405,Denny Blanton,719,Consumer,14/07/2000,71.9,Lisa Henry,QQEV41603459375935,409,Segment 1,2003-08-13,16.8
DB-13555,Dorothy Badders,187,Corporate,15/07/2000,18.7,Bryan White,EYLZ65434424943298,913,Segment 3,2011-11-29,10.12
DB-13615,Doug Bickford,614,Consumer,16/07/2000,61.4,Gemma Robinson,ZHMY45827626203216,429,Segment 1,1977-12-27,54.91
DB-13660,Duane Benoit,966,Consumer,17/07/2000,96.6,Benjamin Jackson-Wilkinson,PAGF30820817381853,452,Segment 1,2006-08-07,63.51
DC-12850,Dan Campbell,314,Consumer,18/07/2000,31.4,Thomas Smith,JNXZ55433956448940,793,Segment 1,2001-12-18,9.14
DC-13285,Debra Catini,870,Consumer,19/07/2000,87.0,Lucy Thompson-Knight,MESQ69312617243452,991,Segment 1,1995-08-31,37.61
DD-13570,Dorothy Dickinson,657,Consumer,20/07/2000,65.7,Lynn Steele,BSZX65015263732970,647,Segment 1,1972-11-03,97.81
DE-13255,Deanra Eno,300,Home Office,21/07/2000,30.0,Mary Smith,CKEM48384539908356,649,Segment 2,1983-08-17,18.27
DF-13135,David Flashing,609,Consumer,22/07/2000,60.9,Jill Johnson-Bell,DLBJ40533308399019,652,Segment 1,2006-11-14,63.42
DG-13300,Deirdre Greer,338,Corporate,23/07/2000,33.8,Russell Miah,KLOR12854571459872,765,Segment 3,1979-09-08,28.0
DH-13075,Dave Hallsten,165,Corporate,24/07/2000,16.5,Leonard Lowe-Richards,OLBB54758834393084,993,Segment 3,2017-11-07,45.36
DH-13675,Duane Huffman,445,Home Office,25/07/2000,44.5,Matthew Young,WMAN78221691983382,967,Segment 2,1977-01-05,80.37
DJ-13420,Denny Joy,768,Corporate,26/07/2000,76.8,Susan Dean,QOLB62413902435687,925,Segment 3,2013-04-10,73.62
DJ-13510,Don Jones,481,Corporate,27/07/2000,48.1,Shirley Scott,BYIB11063233199199,659,Segment 3,2017-07-17,10.17
DJ-13630,Doug Jacobs,465,Consumer,28/07/2000,46.5,Lindsey Hayward-O'Brien,TULV43774106188001,906,Segment 1,1998-04-03,65.1
DK-12835,Damala Kotsonis,450,Corporate,29/07/2000,45.0,Albert Blackburn-Iqbal,CMPR36146693711774,575,Segment 3,1985-05-12,94.87
DK-12895,Dana Kaydos,7,Consumer,30/07/2000,0.7,Jean Walker,DCEF59050721726938,997,Segment 1,1984-07-27,37.82
DK-12985,Darren Koutras,854,Consumer,31/07/2000,85.4,Eric Humphries,MFQP17586626187859,873,Segment 1,2007-09-04,70.12
DK-13090,Dave Kipp,948,Consumer,01/08/2000,94.8,Mr Mark Wallace,ZTBN13599615157524,850,Segment 1,1970-12-23,61.82
DK-13150,David Kendrick,596,Corporate,02/08/2000,59.6,Suzanne Duncan,JKBO04744564478070,723,Segment 3,1976-06-08,66.51
DK-13225,Dean Katz,76,Corporate,03/08/2000,7.6,Leon Day,NEQW68126976342755,514,Segment 3,2007-01-09,74.67
DK-13375,Dennis Kane,518,Consumer,04/08/2000,51.8,Mrs Amy Smith,JTWV76077124657174,611,Segment 1,1977-04-06,41.08
DL-12865,Dan Lawera,44,Consumer,05/08/2000,4.4,Dr Philip Chapman,ARJQ69447747163217,973,Segment 1,1985-11-26,33.36
DL-12925,Daniel Lacy,646,Consumer,06/08/2000,64.6,Elliott Robinson,ILPN47874290717426,713,Segment 1,2018-09-14,69.31
DL-13315,Delfina Latchford,53,Consumer,07/08/2000,5.3,Natalie Roberts-Jackson,JBWF88709362165773,48,Segment 1,2016-10-12,78.51
DL-13330,Denise Leinenbach,997,Consumer,08/08/2000,99.7,Edward Howarth,NHVQ36148270613275,196,Segment 1,2010-11-28,35.43
DL-13495,Dionis Lloyd,341,Corporate,09/08/2000,34.1,Mrs Irene Hunt,XJWR29655803308460,855,Segment 3,2006-02-21,4.93
Dl-13600,Dorris liebe,17,Corporate,10/08/2000,1.7,Mrs Amber Mason,FMPG33378234461333,28,Segment 3,1986-04-24,21.61
DM-12955,Dario Medina,856,Corporate,11/08/2000,85.6,George Roberts,ADMI07050279167568,705,Segment 3,1974-01-29,91.76
DM-13015,Darrin Martin,572,Consumer,12/08/2000,57.2,Mitchell Myers,CKWN11253515450631,506,Segment 1,1974-04-28,70.67
DM-13345,Denise Monton,290,Corporate,13/08/2000,29.0,Dr Eric Smith,BSSO87024847706218,333,Segment 3,1994-05-19,76.62
DM-13525,Don Miller,787,Corporate,14/08/2000,78.7,Georgia Allen,CIMQ18993067422615,463,Segment 3,2008-01-31,96.76
DN-13690,Duane Noonan,410,Consumer,15/08/2000,41.0,Kim Hill-Wright,UMVU76705182882898,896,Segment 1,2002-01-16,42.43
DO-13435,Denny Ordway,764,Consumer,16/08/2000,76.4,Jennifer Matthews,LRPA94095517155674,812,Segment 1,1987-05-31,28.96
DO-13645,Doug O'Connell,508,Consumer,17/08/2000,50.8,Harriet Wall,AGGM53931437736636,143,Segment 1,1972-09-26,75.81
DP-13000,Darren Powers,252,Consumer,18/08/2000,25.2,Benjamin Collins-Waters,XQPE40349402066936,217,Segment 1,1985-09-10,51.19
DP-13105,Dave Poirier,802,Corporate,19/08/2000,80.2,Cameron Richardson-Marsh,SUBG30220340333794,574,Segment 3,1981-06-01,85.77
DP-13165,David Philippe,811,Consumer,20/08/2000,81.1,Katy Wyatt,YYKA60467987916446,928,Segment 1,1975-02-06,75.05
Dp-13240,Dean percer,945,Home Office,21/08/2000,94.5,Jill Humphreys,UDLD05590226650005,917,Segment 2,1983-09-15,28.85
DP-13390,Dennis Pardue,364,Home Office,22/08/2000,36.4,Francesca Green,QVZQ34498271858581,516,Segment 2,1989-08-14,46.1
DR-12880,Dan Reichenbach,478,Corporate,23/08/2000,47.8,Mr Martin Watts,AWUG65510466073731,488,Segment 3,1990-06-10,3.24
DR-12940,Daniel Raglin,40,Home Office,24/08/2000,4.0,Mrs Diane Simmons,NSMG98215715980515,948,Segment 2,1976-07-11,41.54
DS-13030,Darrin Sayre,450,Home Office,25/08/2000,45.0,Miss Hollie Lee,WQFD56259214518488,575,Segment 2,1974-07-01,94.87
DS-13180,David Smith,444,Corporate,26/08/2000,44.4,Dr Judith Jones,LAGQ39006775758333,988,Segment 3,1982-12-10,75.48
DV-13045,Darrin Van Huff,247,Corporate,27/08/2000,24.7,Tom Harris,MFGA82995946520779,731,Segment 3,1996-02-12,33.15
DV-13465,Dianna Vittorini,554,Consumer,28/08/2000,55.4,Dr Garry Ward,VTVJ20731015859487,396,Segment 1,2018-09-03,49.3
DW-13195,David Wiener,369,Corporate,29/08/2000,36.9,Dawn Perry,JWSH49001811004941,81,Segment 3,2001-02-16,27.12
DW-13480,Dianna Wilson,318,Home Office,30/08/2000,31.8,Lindsey Hancock-Lucas,QWMF04000466154298,159,Segment 2,1997-03-06,50.76
DW-13540,Don Weiss,971,Consumer,31/08/2000,97.1,Eric Henry,FLCA75947674075486,116,Segment 1,1997-04-04,5.0
DW-13585,Dorothy Wardle,155,Corporate,01/09/2000,15.5,Dorothy Howells,ZZQA48396501412926,85,Segment 3,2003-11-01,58.8
EA-14035,Erin Ashbrook,158,Corporate,02/09/2000,15.8,Dr Lawrence Wood,NHNQ21484281129359,282,Segment 3,2004-02-07,6.62
EB-13705,Ed Braxton,815,Corporate,03/09/2000,81.5,Judith Holden-Shaw,HIVR55717944513619,358,Segment 3,1988-07-10,75.79
EB-13750,Edward Becker,274,Corporate,04/09/2000,27.4,Jay Garner,ILPO04555677865038,680,Segment 3,1987-07-17,72.05
EB-13840,Ellis Ballard,699,Corporate,05/09/2000,69.9,Alan Davies-Smith,ADVJ51067785137508,842,Segment 3,2001-05-15,90.85
EB-13870,Emily Burns,899,Consumer,06/09/2000,89.9,Joyce Richards,YATY48559692244015,812,Segment 1,1970-03-08,1.64
EB-13930,Eric Barreto,931,Consumer,07/09/2000,93.1,Hannah Booth,HERT18323407067146,236,Segment 1,1987-05-28,3.57
EB-13975,Erica Bern,806,Corporate,08/09/2000,80.6,Leslie Payne,PIAI06672834587781,789,Segment 3,2006-06-23,71.24
EB-14110,Eugene Barchas,272,Consumer,09/09/2000,27.2,Jamie Griffiths,NIWN42988331780026,937,Segment 1,1972-09-17,69.66
EB-14170,Evan Bailliet,396,Consumer,10/09/2000,39.6,Dr Donald Kerr,RALT05501845103102,446,Segment 1,1981-01-26,74.19
EC-14050,Erin Creighton,17,Consumer,11/09/2000,1.7,Dr Sara Mills,OZOH13409702996988,28,Segment 1,2013-12-04,21.61
ED-13885,Emily Ducich,376,Home Office,12/09/2000,37.6,Sharon Mills,MZGO56355192757194,364,Segment 2,1996-03-21,3.0
EG-13900,Emily Grady,651,Consumer,13/09/2000,65.1,Shannon Richards,AFLD82833266760159,45,Segment 1,1974-02-25,35.77
EH-13765,Edward Hooks,341,Corporate,14/09/2000,34.1,Brandon Gordon,NJNQ67101464032516,855,Segment 3,1970-12-28,4.93
EH-13945,Eric Hoffmann,766,Consumer,15/09/2000,76.6,Dawn White,ZGSL25445362604659,32,Segment 1,2009-05-31,14.48
EH-13990,Erica Hackney,636,Consumer,16/09/2000,63.6,Mr Toby Burton,EYXR27864813297440,899,Segment 1,1971-07-20,69.87
EH-14005,Erica Hernandez,731,Home Office,17/09/2000,73.1,Dr Duncan Begum,ELOS42031960726157,611,Segment 2,1980-10-06,2.81
EH-14125,Eugene Hildebrand,298,Home Office,18/09/2000,29.8,Dylan Pope,JZTF90997888940488,928,Segment 2,1998-03-05,66.05
EH-14185,Evan Henry,961,Consumer,19/09/2000,96.1,Marilyn Fox,SYGD63677123737837,48,Segment 1,1994-01-23,85.06
EJ-13720,Ed Jacobs,548,Consumer,20/09/2000,54.8,Elaine Simmons,MQUN36765569719884,292,Segment 1,1976-06-27,20.6
EJ-14155,Eva Jacobs,856,Consumer,21/09/2000,85.6,Mathew McDonald-Davis,PDSA84677494602003,705,Segment 1,2009-06-02,91.76
EK-13795,Eileen Kiefer,660,Home Office,22/09/2000,66.0,Ann Holmes,YRQH74533973459835,212,Segment 2,2011-11-25,86.8
EL-13735,Ed Ludwig,687,Home Office,23/09/2000,68.7,Jason Rice-Morrison,JCWG40593648756287,78,Segment 2,2018-07-16,19.67
EM-13810,Eleni McCrary,684,Corporate,24/09/2000,68.4,Ms Jayne Frost,MJCD78465858117387,88,Segment 3,2009-06-06,30.04
EM-13825,Elizabeth Moffitt,127,Corporate,25/09/2000,12.7,Mr Dennis Robinson,KYVM23023858278703,141,Segment 3,2019-04-23,92.34
EM-13960,Eric Murdock,462,Consumer,26/09/2000,46.2,Bruce Myers,VKCW57236126006626,196,Segment 1,1980-04-17,88.91
EM-14065,Erin Mull,645,Consumer,27/09/2000,64.5,Charlotte Brown,LLQK19152778043889,599,Segment 1,1998-08-15,31.35
EM-14095,Eudokia Martin,840,Corporate,28/09/2000,84.0,Dr Jonathan Knight,XFTR45844970398108,344,Segment 3,2005-02-07,89.53
EM-14140,Eugene Moren,247,Home Office,29/09/2000,24.7,Gillian Warner,DFNX54278988442978,731,Segment 2,1983-04-22,33.15
EM-14200,Evan Minnotte,585,Home Office,30/09/2000,58.5,Elaine Chamberlain-Robinson,YFCW95770320141889,377,Segment 2,1985-04-01,46.28
EN-13780,Edward Nazzal,867,Consumer,01/10/2000,86.7,Carly Holmes,OPOQ31511319056916,631,Segment 1,2016-08-29,14.47
EP-13915,Emily Phan,105,Consumer,02/10/2000,10.5,Duncan Field,RZYN11206540715683,216,Segment 1,1996-09-07,2.17
ER-13855,Elpida Rittenbach,139,Corporate,03/10/2000,13.9,Carly Moss,SSTJ47928593511176,265,Segment 3,2002-02-12,96.87
ES-14020,Erica Smith,84,Consumer,04/10/2000,8.4,Dr Judith Shaw,VFKI56275111503213,187,Segment 1,2018-04-19,77.17
ES-14080,Erin Smith,498,Corporate,05/10/2000,49.8,Amy Kelly-Brown,GYXB46154401502614,809,Segment 3,2007-11-01,37.77
FA-14230,Frank Atkinson,435,Corporate,06/10/2000,43.5,Mr Leonard Parkin,GNPF67521330675878,740,Segment 3,1991-01-30,87.26
FC-14245,Frank Carlisle,438,Home Office,07/10/2000,43.8,Dorothy Walters,HVDP79114056490177,478,Segment 2,1980-10-06,42.78
FC-14335,Fred Chung,400,Corporate,08/10/2000,40.0,Gillian Smith-Clarke,XALW00838947398547,591,Segment 3,2014-05-17,10.1
FG-14260,Frank Gastineau,265,Home Office,09/10/2000,26.5,Jake Richards,CUDK73408215181965,672,Segment 2,2012-05-22,49.92
FH-14275,Frank Hawley,834,Corporate,10/10/2000,83.4,Teresa Morris-Hill,RUPP81441605923621,662,Segment 3,2015-08-09,58.98
FH-14350,Fred Harton,215,Consumer,11/10/2000,21.5,Gavin Hart,SYEN58180831181405,928,Segment 1,1995-10-31,12.56
FH-14365,Fred Hopkins,604,Corporate,12/10/2000,60.4,Karen Nicholson,XKCU18879766241208,107,Segment 3,2001-12-18,82.06
FM-14215,Filia McAdams,999,Corporate,13/10/2000,99.9,Michelle Edwards,NZPO92107018377903,403,Segment 3,1998-10-16,38.44
FM-14290,Frank Merwin,992,Home Office,14/10/2000,99.2,Dr Frederick Campbell,VBTS30801864174438,467,Segment 2,1981-11-07,57.14
FM-14380,Fred McMath,957,Consumer,15/10/2000,95.7,Joyce Robinson,ZZNA91504856166323,960,Segment 1,2001-08-29,51.25
FO-14305,Frank Olsen,567,Consumer,16/10/2000,56.7,Dr Georgina Newman,VJBA99769840363584,15,Segment 1,1995-11-29,94.44
FP-14320,Frank Preis,377,Consumer,17/10/2000,37.7,Abdul Singh,YOOU53555947397794,405,Segment 1,1991-05-19,59.47
FW-14395,Fred Wasserman,709,Corporate,18/10/2000,70.9,Bruce Bull-Riley,INHX35387415059027,504,Segment 3,2017-02-06,5.4
GA-14515,George Ashbrook,387,Consumer,19/10/2000,38.7,Ms Ann Watson,LDXZ02143236305408,449,Segment 1,2012-12-27,4.59
GA-14725,Guy Armstrong,50,Consumer,20/10/2000,5.0,Elizabeth Johnson,CKQF38713289155486,956,Segment 1,1981-10-02,97.35
GB-14530,George Bell,279,Corporate,21/10/2000,27.9,Gareth Campbell,MJAC00696680332296,387,Segment 3,2014-01-24,32.42
GB-14575,Giulietta Baptist,586,Consumer,22/10/2000,58.6,Mr Marcus Norman,CNMU89543573260189,137,Segment 1,2007-04-17,20.38
GD-14590,Giulietta Dortch,659,Corporate,23/10/2000,65.9,Tracy Jordan-Hussain,LBAL28586178428203,408,Segment 3,1991-01-23,38.66
GG-14650,Greg Guthrie,68,Corporate,24/10/2000,6.8,Karen Hammond,FMJA05610480648524,700,Segment 3,2021-10-14,52.69
GH-14410,Gary Hansen,913,Home Office,25/10/2000,91.3,Mr Jamie Harris,SJIC46799094996754,595,Segment 2,1988-07-07,65.71
GH-14425,Gary Hwang,758,Consumer,26/10/2000,75.8,Timothy Wilson,QNNN57584933835923,500,Segment 1,2018-12-20,71.22
GH-14485,Gene Hale,993,Corporate,27/10/2000,99.3,Rita Farrell,PYPF16593633081014,295,Segment 3,1990-04-25,9.61
GH-14665,Greg Hansen,174,Consumer,28/10/2000,17.4,Jake Jarvis,RVZZ10816494514676,59,Segment 1,1994-02-23,5.11
GK-14620,Grace Kelly,727,Corporate,29/10/2000,72.7,Conor Pugh,QSST16385566473739,706,Segment 3,2004-01-18,63.37
GM-14440,Gary McGarr,21,Consumer,30/10/2000,2.1,Sara King-Dennis,OGHL66653543325617,416,Segment 1,1975-06-06,43.07
GM-14455,Gary Mitchum,774,Home Office,31/10/2000,77.4,Kate Hargreaves,KJMA45191099258760,397,Segment 2,2013-07-19,48.37
GM-14500,Gene McClure,705,Consumer,01/11/2000,70.5,Rachel Armstrong,VCWY03331725256537,747,Segment 1,1986-08-15,19.29
GM-14680,Greg Matthias,371,Consumer,02/11/2000,37.1,Megan Shaw,AGIS12291424922523,400,Segment 1,1995-05-03,80.19
GM-14695,Greg Maxwell,908,Corporate,03/11/2000,90.8,Dr Patrick Clarke,JHIH23146762617702,136,Segment 3,1994-05-10,38.0
GP-14740,Guy Phonely,745,Corporate,04/11/2000,74.5,Stewart Smith,HFCC11670036908169,219,Segment 3,1999-03-10,85.73
GR-14560,Georgia Rosenberg,322,Corporate,05/11/2000,32.2,Jill Gill,IFVT48109152078545,840,Segment 3,1975-12-13,63.8
GT-14635,Grant Thornton,442,Corporate,06/11/2000,44.2,Miss Judith Patel,VTCO86610424485705,576,Segment 3,1984-06-08,60.13
GT-14710,Greg Tran,623,Consumer,07/11/2000,62.3,Cheryl Hamilton,NEQP51768935262707,990,Segment 1,1995-01-07,55.92
GT-14755,Guy Thornton,367,Consumer,08/11/2000,36.7,Rita Cook,TCEH52226591840111,578,Segment 1,1979-05-22,18.24
GW-14605,Giulietta Weimer,926,Consumer,09/11/2000,92.6,Dr Kieran Hill,OVZE00207372365642,129,Segment 1,2003-09-18,59.62
GZ-14470,Gary Zandusky,531,Consumer,10/11/2000,53.1,Mrs Leanne Hurst,LQJC60503401823022,595,Segment 1,1999-06-21,6.32
GZ-14545,George Zrebassa,231,Corporate,11/11/2000,23.1,Mr Brian Davison,JFKO71966338609058,278,Segment 3,1977-10-01,90.81
HA-14905,Helen Abelman,737,Consumer,12/11/2000,73.7,Mitchell Pollard-Knight,XAHA80203708705436,87,Segment 1,1999-04-30,47.68
HA-14920,Helen Andreada,714,Consumer,13/11/2000,71.4,Rita Jordan,XAOE73299546103956,890,Segment 1,1973-03-18,21.14
HD-14785,Harold Dahlen,203,Home Office,14/11/2000,20.3,Beverley Coleman,PJYZ00132162974357,328,Segment 2,2003-04-24,16.87
HE-14800,Harold Engle,351,Corporate,15/11/2000,35.1,Valerie Thompson,OVUU49866217216998,571,Segment 3,1985-10-13,93.03
HF-14995,Herbert Flentye,850,Consumer,16/11/2000,85.0,Alexandra Read,QZJS13122125503337,508,Segment 1,1986-12-31,63.62
HG-14845,Harry Greene,223,Consumer,17/11/2000,22.3,Stewart Smith,YMYQ24947005459112,740,Segment 1,2016-11-09,10.46
HG-14965,Henry Goldwyn,63,Corporate,18/11/2000,6.3,Stanley Johnson,ZPFR82407325156373,731,Segment 3,1998-03-24,59.75
HG-15025,Hunter Glantz,637,Consumer,19/11/2000,63.7,Beth Ryan-Green,MTIZ11201597846833,282,Segment 1,1974-05-08,46.62
HH-15010,Hilary Holden,381,Corporate,20/11/2000,38.1,Frederick Baker,SUYD00330684191076,257,Segment 3,2008-04-26,96.22
HJ-14875,Heather Jas,529,Home Office,21/11/2000,52.9,Robert Kirk,VYYE15665461610789,794,Segment 2,2007-08-23,76.07
HK-14890,Heather Kirkland,648,Corporate,22/11/2000,64.8,Miss Cheryl Byrne,ERRO94978649385596,993,Segment 3,1989-08-07,54.84
HL-15040,Hunter Lopez,260,Consumer,23/11/2000,26.0,Eileen Webster,WXHK78595616959912,693,Segment 1,1970-11-28,83.58
HM-14860,Harry Marie,814,Corporate,24/11/2000,81.4,Lewis Wheeler,BOST38190682419780,583,Segment 3,1972-12-19,40.07
HM-14980,Henry MacAllister,689,Consumer,25/11/2000,68.9,Martyn Morgan,ODJW94328657202061,417,Segment 1,2017-11-01,29.04
HP-14815,Harold Pawlan,188,Home Office,26/11/2000,18.8,Dr Joe Hanson,YWVZ49446966184330,389,Segment 2,1970-01-18,2.01
HR-14770,Hallie Redmond,512,Home Office,27/11/2000,51.2,Kevin Horton,UTID30250210735146,426,Segment 2,1982-05-12,85.35
HR-14830,Harold Ryan,167,Corporate,28/11/2000,16.7,Gemma Parker,WAFJ30477344356338,709,Segment 3,2009-09-15,45.62
HW-14935,Helen Wasserman,310,Corporate,29/11/2000,31.0,Martin Smith,ZJNL10439622939816,484,Segment 3,1999-09-13,58.69
HZ-14950,Henia Zydlo,408,Consumer,30/11/2000,40.8,Mrs Donna Roberts,UFOQ06351761920093,15,Segment 1,2015-05-23,96.88
IG-15085,Ivan Gibson,213,Consumer,01/12/2000,21.3,Dennis Wilson,SSGA83244867185096,615,Segment 1,2013-03-06,45.37
IL-15100,Ivan Liston,995,Consumer,02/12/2000,99.5,Amelia Dixon,ODMY36270281172273,922,Segment 1,2009-11-10,52.79
IM-15055,Ionia McGrath,181,Consumer,03/12/2000,18.1,Mr Oliver Smith,YKGO92164921965962,194,Segment 1,1976-03-18,34.17
IM-15070,Irene Maddox,57,Consumer,04/12/2000,5.7,Glen Gough,ENMC05680878616848,946,Segment 1,2020-05-31,79.23
JA-15970,Joseph Airdo,733,Consumer,05/12/2000,73.3,Albert Jones,JXSG35783458459429,588,Segment 1,2004-03-12,73.51
JB-15400,Jennifer Braxton,66,Corporate,06/12/2000,6.6,Nicola Bailey,OGRY86073879478212,542,Segment 3,1995-02-24,31.8
JB-15925,Joni Blumstein,189,Consumer,07/12/2000,18.9,Joanna Atkinson,OHWV01957928750017,178,Segment 1,1990-12-13,11.52
JB-16000,Joy Bell-,258,Consumer,08/12/2000,25.8,Dennis Brown-Holloway,DLWU40297214512941,792,Segment 1,2012-01-08,28.58
JB-16045,Julia Barnett,209,Home Office,09/12/2000,20.9,Jacob Barnett,HDSZ99926485978701,312,Segment 2,1977-05-22,69.1
JC-15340,Jasper Cacioppo,182,Consumer,10/12/2000,18.2,Ricky Walker,CMSN61824414418530,761,Segment 1,2015-12-17,37.93
JC-15385,Jenna Caffey,611,Consumer,11/12/2000,61.1,Samuel Willis,CTLR74386435958976,172,Segment 1,1977-01-15,62.39
JC-15775,John Castell,644,Consumer,12/12/2000,64.4,Trevor Bradley,LGRI03472489962243,192,Segment 1,1993-02-23,11.39
JC-16105,Julie Creighton,203,Corporate,13/12/2000,20.3,Joel Hilton-Carter,BSKD17392852656457,328,Segment 3,1996-08-11,16.87
JD-15790,John Dryer,586,Consumer,14/12/2000,58.6,Mr Graeme Austin,FSFF50121126183976,137,Segment 1,1988-12-04,20.38
JD-15895,Jonathan Doherty,78,Corporate,15/12/2000,7.8,Ann Marsh,NGLC75903443311501,644,Segment 3,1976-10-30,25.45
JD-16015,Joy Daniels,659,Consumer,16/12/2000,65.9,Jay Lynch,CXNM69206124337238,408,Segment 1,2016-12-04,38.66
JD-16060,Julia Dunbar,519,Consumer,17/12/2000,51.9,Miss Kayleigh Gregory,VMMS18936910963026,585,Segment 1,1974-03-14,37.8
JD-16150,Justin Deggeller,90,Corporate,18/12/2000,9.0,Guy Dixon-Gardner,UQMF56057846643357,224,Segment 3,1997-08-23,80.43
JE-15475,Jeremy Ellison,197,Consumer,19/12/2000,19.7,Jamie Cooper,GNJP52035861571167,746,Segment 1,1995-07-04,30.69
JE-15610,Jim Epp,314,Corporate,20/12/2000,31.4,Steven Preston-Middleton,MJYH66538187530642,793,Segment 3,2004-08-12,9.14
JE-15715,Joe Elijah,320,Consumer,21/12/2000,32.0,Ms Katherine Miah,XPCC26875931877531,261,Segment 1,2005-05-07,6.58
JE-15745,Joel Eaton,20,Consumer,22/12/2000,2.0,Josephine Spencer-Watson,WAVM15552543454273,102,Segment 1,2009-08-25,98.85
JE-16165,Justin Ellison,348,Corporate,23/12/2000,34.8,Michelle Phillips,HGOI01553771095425,574,Segment 3,1990-12-25,61.4
JF-15190,Jamie Frazer,504,Consumer,24/12/2000,50.4,Dawn Griffin,SOGR07603379879548,185,Segment 1,2016-04-19,48.79
JF-15295,Jason Fortune-,804,Consumer,25/12/2000,80.4,Christopher Dawson,CJQN66058341118076,574,Segment 1,2006-03-26,19.44
JF-15355,Jay Fein,752,Consumer,26/12/2000,75.2,Danny Adams,RGHT53347914239624,914,Segment 1,1984-05-10,0.74
JF-15415,Jennifer Ferguson,239,Consumer,27/12/2000,23.9,Dr Ian O'Sullivan,UJYU25973123589785,567,Segment 1,1977-12-09,45.97
JF-15490,Jeremy Farry,393,Consumer,28/12/2000,39.3,Rosemary Thornton-Brown,KNMA82165616480526,650,Segment 1,2014-06-29,81.25
JF-15565,Jill Fjeld,621,Consumer,29/12/2000,62.1,Harry Joyce,WWIA29213067751270,342,Segment 1,1999-06-13,42.65
JG-15115,Jack Garza,658,Consumer,30/12/2000,65.8,Alice Taylor,CEOD55536592240463,318,Segment 1,2014-10-16,72.79
JG-15160,James Galang,805,Consumer,31/12/2000,80.5,Donna Nicholls,ZKZP95972078762587,224,Segment 1,1979-01-08,84.1
JG-15310,Jason Gross,580,Corporate,01/01/2001,58.0,Sandra Lawson,CRLK50123455452196,754,Segment 3,2016-02-22,26.46
JG-15805,John Grady,540,Corporate,02/01/2001,54.0,Mr Timothy Khan,CKQF41606213042879,30,Segment 3,1970-03-24,13.05
JH-15430,Jennifer Halladay,673,Consumer,03/01/2001,67.3,Rhys Russell,PINX80526092252948,591,Segment 1,1975-01-28,0.16
JH-15820,John Huston,270,Consumer,04/01/2001,27.0,Dr Liam Cox,XCSO62053564770865,486,Segment 1,1990-06-26,15.85
JH-15910,Jonathan Howell,105,Consumer,05/01/2001,10.5,Rachel Jones,YZCK70470447291947,216,Segment 1,2004-02-09,2.17
JH-15985,Joseph Holt,141,Consumer,06/01/2001,14.1,Patrick Reynolds-Harris,KJTJ41273698375466,503,Segment 1,1995-05-21,40.31
JH-16180,Justin Hirsh,13,Consumer,07/01/2001,1.3,Emma Graham-Rowe,XRDQ02385541433968,571,Segment 1,1987-06-09,38.36
JJ-15445,Jennifer Jackson,356,Consumer,08/01/2001,35.6,Harry Bolton-Alexander,QWCD55639965445484,86,Segment 1,2009-02-04,96.26
JJ-15760,Joel Jenkins,28,Home Office,09/01/2001,2.8,Danielle Thompson,YSBL50913979232223,878,Segment 2,1974-12-03,26.7
JK-15205,Jamie Kunitz,764,Consumer,10/01/2001,76.4,Conor Cooke,YBJU66625330974881,812,Segment 1,1993-03-22,28.96
JK-15325,Jason Klamczynski,430,Corporate,11/01/2001,43.0,Ms Marie Williamson,GDBS39646511074037,616,Segment 3,1982-04-27,56.77
JK-15370,Jay Kimmel,380,Consumer,12/01/2001,38.0,Ronald Johnson,XBHF27457007685687,240,Segment 1,1994-10-04,47.81
JK-15625,Jim Karlsson,319,Consumer,13/01/2001,31.9,Connor Ford,ANMP95013670543342,501,Segment 1,2020-11-11,20.38
JK-15640,Jim Kriz,750,Home Office,14/01/2001,75.0,Dr Victoria Robinson,WDMQ13227197441077,120,Segment 2,2002-12-10,48.17
JK-15730,Joe Kamberova,621,Consumer,15/01/2001,62.1,Dr Shaun Webb,BXOQ88228949277257,342,Segment 1,1973-10-18,42.65
JK-16090,Juliana Krohn,441,Consumer,16/01/2001,44.1,Craig Reed,JTDW27759627054266,102,Segment 1,1977-10-12,88.34
JK-16120,Julie Kriz,59,Home Office,17/01/2001,5.9,Helen Cooper,YZRD81327289366603,366,Segment 2,1994-09-02,21.57
JL-15130,Jack Lebron,972,Consumer,18/01/2001,97.2,Robert Phillips,UPAJ25886940833543,698,Segment 1,1984-05-20,95.41
JL-15175,James Lanier,336,Home Office,19/01/2001,33.6,Dr Carly Cooper,IJOP51196484234206,157,Segment 2,1975-04-29,88.97
JL-15235,Janet Lee,824,Consumer,20/01/2001,82.4,Linda Cross,KGBG60660999766337,168,Segment 1,1990-10-14,1.58
JL-15505,Jeremy Lonsdale,193,Consumer,21/01/2001,19.3,Miss Wendy Wood,IQQS61773076050371,177,Segment 1,2008-04-24,91.38
JL-15835,John Lee,796,Consumer,22/01/2001,79.6,Heather Kaur,OXQD48763972675697,507,Segment 1,2020-06-10,24.25
JL-15850,John Lucas,923,Consumer,23/01/2001,92.3,Leigh Warren-Hayward,ZLSY21320541267023,109,Segment 1,2013-12-09,76.74
JM-15250,Janet Martin,918,Consumer,24/01/2001,91.8,Rhys Parkin,KSPP13931775951584,809,Segment 1,1988-05-12,39.85
JM-15265,Janet Molinari,129,Corporate,25/01/2001,12.9,Mr Christian Smith,AABR49137096535566,742,Segment 3,2007-11-20,65.23
JM-15535,Jessica Myrick,117,Consumer,26/01/2001,11.7,Dr Oliver Nicholls,RCYQ03393990975236,938,Segment 1,2019-01-02,90.31
JM-15580,Jill Matthias,466,Consumer,27/01/2001,46.6,Lewis Harris,VXWK55744432810192,959,Segment 1,1985-02-14,8.43
JM-15655,Jim Mitchum,755,Corporate,28/01/2001,75.5,Lucy Wilkinson,WAGD93190099939374,884,Segment 3,1984-06-21,75.3
JM-15865,John Murray,525,Consumer,29/01/2001,52.5,Mrs Ashleigh Little,ZWOF15638220896736,767,Segment 1,1981-03-30,96.6
JM-16195,Justin MacKendrick,916,Consumer,30/01/2001,91.6,Jane Lawrence,ZFWZ71700981500546,207,Segment 1,1971-08-26,39.51
JO-15145,Jack O'Briant,937,Corporate,31/01/2001,93.7,Mr Trevor Whittaker,ARDJ22036361419703,6,Segment 3,2003-02-25,66.88
JO-15280,Jas O'Carroll,554,Consumer,01/02/2001,55.4,Mr Albert Morgan,ZECL15588579585005,396,Segment 1,1979-07-29,49.3
JO-15550,Jesus Ocampo,926,Home Office,02/02/2001,92.6,Mr Liam Anderson,XVFU17886752509570,129,Segment 2,1994-09-27,59.62
JP-15460,Jennifer Patt,856,Corporate,03/02/2001,85.6,Liam Dean,RPBC25026069016645,705,Segment 3,2017-07-20,91.76
JP-15520,Jeremy Pistek,21,Consumer,04/02/2001,2.1,Dr Karl Ahmed,MPXR80688804642863,416,Segment 1,1979-01-03,43.07
JP-16135,Julie Prescott,875,Home Office,05/02/2001,87.5,Judith Robinson,BFOX14727724871210,881,Segment 2,1989-12-26,60.23
JR-15670,Jim Radford,728,Consumer,06/02/2001,72.8,Mark Fleming-Smith,KDHN85214631038203,306,Segment 1,1978-01-09,92.75
JR-15700,Jocasta Rupert,249,Consumer,07/02/2001,24.9,Richard Whitehouse,HAOJ05414478376157,486,Segment 1,1993-03-09,90.36
JR-16210,Justin Ritter,519,Corporate,08/02/2001,51.9,Lynda Patel,PFTY20780862229074,585,Segment 3,1976-04-28,37.8
JS-15595,Jill Stevenson,269,Corporate,09/02/2001,26.9,Michelle Donnelly,AVQV29610059571707,558,Segment 3,1985-11-11,88.42
JS-15685,Jim Sink,665,Corporate,10/02/2001,66.5,Jeremy Hamilton-Hargreaves,TVEE17201831931371,917,Segment 3,2001-06-10,19.84
JS-15880,John Stevenson,891,Consumer,11/02/2001,89.1,Ashley Payne,EHVD84344913944643,570,Segment 1,2012-06-21,67.81
JS-15940,Joni Sundaresam,387,Home Office,12/02/2001,38.7,Elliot Evans,TMFF36164419003892,449,Segment 2,1995-08-31,4.59
JS-16030,Joy Smith,635,Consumer,13/02/2001,63.5,Julia Barker,ORWW28755520351657,786,Segment 1,1987-07-02,80.79
JW-15220,Jane Waco,0,Corporate,14/02/2001,0.0,Natalie Heath,UMDO75329335051165,486,Segment 3,1978-10-04,15.04
JW-15955,Joni Wasserman,305,Consumer,15/02/2001,30.5,Mr Trevor Watts,RFBM84670767660211,16,Segment 1,1979-07-31,38.73
JW-16075,Julia West,195,Consumer,16/02/2001,19.5,Miss Shannon Andrews,QKAH62466966296494,69,Segment 1,1990-06-15,77.36
KA-16525,Kelly Andreada,655,Consumer,17/02/2001,65.5,Miss Jacqueline Porter,BQUE64944709781707,61,Segment 1,2009-12-19,82.61
KB-16240,Karen Bern,246,Corporate,18/02/2001,24.6,Peter Birch,OHOQ43036254478789,829,Segment 3,1977-11-04,56.01
KB-16315,Karl Braun,332,Consumer,19/02/2001,33.2,Edward Hill,JZFU64828471700603,725,Segment 1,1988-06-29,94.99
KB-16405,Katrina Bavinger,531,Home Office,20/02/2001,53.1,Leigh Martin,JLGX47562569783724,595,Segment 2,2000-03-26,6.32
KB-16585,Ken Black,156,Corporate,21/02/2001,15.6,Oliver Douglas,CPMZ61065236415741,385,Segment 3,1974-01-11,28.26
KB-16600,Ken Brennan,992,Corporate,22/02/2001,99.2,Diane Hewitt,OXDF32447455461588,467,Segment 3,1981-10-13,57.14
KC-16255,Karen Carlisle,812,Corporate,23/02/2001,81.2,Lindsey Taylor,JRQN31910239860471,729,Segment 3,1989-09-07,79.22
KC-16540,Kelly Collister,518,Consumer,24/02/2001,51.8,Marion Fox-Smith,POLG12435398047781,611,Segment 1,1981-09-26,41.08
KC-16675,Kimberly Carter,470,Corporate,25/02/2001,47.0,Joanne Weston,MNQT32146675614514,404,Segment 3,1992-03-25,57.48
KD-16270,Karen Daniels,266,Consumer,26/02/2001,26.6,Charlotte Lamb,CDGY79994621760193,654,Segment 1,2014-02-12,4.31
KD-16345,Katherine Ducich,718,Consumer,27/02/2001,71.8,Dr Duncan Williams,THAB82626246953013,77,Segment 1,1975-09-18,55.66
KD-16495,Keith Dawkins,555,Corporate,28/02/2001,55.5,Nicholas Herbert,YYHU94415978502854,874,Segment 3,2001-08-14,40.1
KD-16615,Ken Dana,350,Corporate,01/03/2001,35.0,Kayleigh Frost,SINN70447869025595,321,Segment 3,1972-11-06,66.89
KE-16420,Katrina Edelman,997,Corporate,02/03/2001,99.7,Max Parkes,EZJL73681623289962,196,Segment 3,1971-11-12,35.43
KF-16285,Karen Ferguson,491,Home Office,03/03/2001,49.1,Ian Smith-Gibbons,ENXW00866118345297,419,Segment 2,1985-12-08,42.61
KH-16330,Katharine Harms,747,Corporate,04/03/2001,74.7,Peter Bradley,WDVZ49189838099088,231,Segment 3,2010-08-07,78.56
KH-16360,Katherine Hughes,323,Consumer,05/03/2001,32.3,Hazel Spencer,JGIX64481511196038,38,Segment 1,1980-10-15,84.24
KH-16510,Keith Herrera,974,Consumer,06/03/2001,97.4,Hugh Burton-Skinner,EPDH72599659188696,730,Segment 1,1985-11-02,84.22
KH-16630,Ken Heidel,280,Corporate,07/03/2001,28.0,Sarah Pratt,BQLX51037565564875,931,Segment 3,2005-09-14,45.07
KH-16690,Kristen Hastings,747,Corporate,08/03/2001,74.7,Mathew Marsh,JGQF83658619226532,231,Segment 3,1976-08-22,78.56
KL-16555,Kelly Lampkin,540,Corporate,09/03/2001,54.0,Henry Payne,EDBQ63513420046556,30,Segment 3,1975-12-06,13.05
KL-16645,Ken Lonsdale,450,Consumer,10/03/2001,45.0,Harry Collins,KAEM20303467100528,575,Segment 1,1998-10-10,94.87
KM-16225,Kalyca Meade,149,Corporate,11/03/2001,14.9,Adrian Hicks,EPSR14911644347563,768,Segment 3,1977-03-25,76.24
KM-16375,Katherine Murray,963,Home Office,12/03/2001,96.3,Tina Matthews,YEJS24699869866842,788,Segment 2,1995-10-17,98.27
KM-16660,Khloe Miller,174,Consumer,13/03/2001,17.4,Miss Jill Cartwright,HDBO16618652467652,59,Segment 1,2006-02-24,5.11
KM-16720,Kunst Miller,577,Consumer,14/03/2001,57.7,Ms Carole Evans,LJWA79581487205548,886,Segment 1,1998-07-01,27.65
KN-16390,Katherine Nockton,277,Corporate,15/03/2001,27.7,Dr Eric Morley,DWMA01453511381990,523,Segment 3,2019-02-01,4.71
KN-16450,Kean Nguyen,24,Corporate,16/03/2001,2.4,Josephine Charlton,QIDZ21867460703321,832,Segment 3,2018-11-06,35.01
KN-16705,Kristina Nunn,23,Home Office,17/03/2001,2.3,Miss Shirley Franklin,NSAZ00151269588949,409,Segment 2,1985-11-06,27.6
KS-16300,Karen Seio,173,Corporate,18/03/2001,17.3,Mr Graeme Lucas,FORB53164866909912,204,Segment 3,1997-04-18,88.53
KT-16465,Kean Takahito,166,Consumer,19/03/2001,16.6,Kyle Jenkins,SMFJ76933547926969,245,Segment 1,1981-08-24,75.86
KT-16480,Kean Thornton,878,Consumer,20/03/2001,87.8,Miss Jane Kelly,DXZA90758996963996,537,Segment 1,2006-08-08,94.45
KW-16435,Katrina Willman,226,Consumer,21/03/2001,22.6,Hannah Bailey,QVMQ50996330805864,972,Segment 1,2015-06-06,58.21
KW-16570,Kelly Williams,847,Consumer,22/03/2001,84.7,Mary Robinson,YDPZ91308255006434,888,Segment 1,1971-09-20,30.17
LA-16780,Laura Armstrong,757,Corporate,23/03/2001,75.7,Wendy Godfrey,CCBQ14993016934456,438,Segment 3,2003-08-11,52.19
LB-16735,Larry Blacks,212,Consumer,24/03/2001,21.2,Mr Raymond Whitehouse,URYW66077140058802,806,Segment 1,2007-05-31,26.36
LB-16795,Laurel Beltran,862,Home Office,25/03/2001,86.2,Kenneth Douglas-Higgins,KLGG59292986497922,140,Segment 2,1990-12-22,28.52
LC-16870,Lena Cacioppo,195,Consumer,26/03/2001,19.5,Stuart Bennett,TIAE15675845144129,69,Segment 1,2011-11-21,77.36
LC-16885,Lena Creighton,68,Consumer,27/03/2001,6.8,Jane Barton,HYUN62295243481104,700,Segment 1,2004-11-16,52.69
LC-16930,Linda Cazamias,442,Corporate,28/03/2001,44.2,Debra Shah,LTRL13507772427302,576,Segment 3,1977-07-18,60.13
LC-16960,Lindsay Castell,769,Home Office,29/03/2001,76.9,Tracy Morris,TSGQ39153912433412,159,Segment 2,2002-07-16,10.5
LC-17050,Liz Carlisle,36,Consumer,30/03/2001,3.6,Mr Marc Cooper,KBWL70898393090803,119,Segment 1,1972-09-26,50.61
LC-17140,Logan Currie,917,Consumer,31/03/2001,91.7,Jack Shah,FZJP55115487324023,53,Segment 1,2008-07-04,38.57
LD-16855,Lela Donovan,759,Corporate,01/04/2001,75.9,Victor Armstrong,KULQ77220876469801,425,Segment 3,1979-09-11,1.0
LD-17005,Lisa DeCherney,195,Consumer,02/04/2001,19.5,Clare Wilkinson,VWFT25984570753685,69,Segment 1,2000-07-31,77.36
LE-16810,Laurel Elliston,219,Consumer,03/04/2001,21.9,Leon James,FSJR07738420580216,542,Segment 1,2003-01-01,39.81
LF-17185,Luke Foster,977,Consumer,04/04/2001,97.7,Ricky Naylor,WLOU81519938677648,156,Segment 1,1984-04-12,35.09
LH-16750,Larry Hughes,605,Consumer,05/04/2001,60.5,Miss Victoria Lee,HWER17051311977301,964,Segment 1,1973-12-20,74.48
LH-16900,Lena Hernandez,761,Consumer,06/04/2001,76.1,Ms Jasmine Murray,WRNX79436391053416,424,Segment 1,1981-04-05,20.75
LH-17020,Lisa Hazard,52,Consumer,07/04/2001,5.2,Stuart Perkins,WJJQ82357906136083,279,Segment 1,2013-07-22,16.21
LH-17155,Logan Haushalter,233,Consumer,08/04/2001,23.3,Molly Gallagher,TKUZ75883428708463,189,Segment 1,2016-12-02,59.65
LL-16840,Lauren Leatherbury,707,Consumer,09/04/2001,70.7,Miss Samantha Jones,GCDS42586421963027,183,Segment 1,2004-02-17,29.3
LM-17065,Liz MacKendrick,949,Consumer,10/04/2001,94.9,Dr Leanne Edwards,FHBM76402109678398,211,Segment 1,2012-01-28,51.09
LO-17170,Lori Olson,965,Corporate,11/04/2001,96.5,Albert Williams,WSWM24428377453177,387,Segment 3,1970-10-20,7.2
LP-17080,Liz Pelletier,494,Consumer,12/04/2001,49.4,Adam Frost,UYTW72339907810038,922,Segment 1,1995-03-19,23.4
LP-17095,Liz Preis,422,Consumer,13/04/2001,42.2,Francis Richards,XTJL65719385110282,471,Segment 1,1995-07-21,38.78
LR-16915,Lena Radford,429,Consumer,14/04/2001,42.9,Tracy Bailey,QHAE64836253107559,34,Segment 1,1992-08-29,84.13
LR-17035,Lisa Ryan,349,Corporate,15/04/2001,34.9,Wendy Russell,LHBQ90559382112321,548,Segment 3,2002-05-26,97.07
LS-16945,Linda Southworth,678,Corporate,16/04/2001,67.8,Kenneth Noble,WYYS93143317702961,825,Segment 3,1987-12-17,17.82
LS-16975,Lindsay Shagiari,625,Home Office,17/04/2001,62.5,Anthony Graham,IOKH25503382983697,139,Segment 2,1975-01-24,70.31
LS-17200,Luke Schmidt,52,Corporate,18/04/2001,5.2,David Martin,HIWB95709230696245,279,Segment 3,1999-07-13,16.21
LS-17230,Lycoris Saunders,556,Consumer,19/04/2001,55.6,Mrs Marian Norris,UQEQ80920515425585,463,Segment 1,2008-07-11,31.29
LS-17245,Lynn Smith,53,Consumer,20/04/2001,5.3,Stuart Wilson,OTJQ50800168470607,48,Segment 1,2019-02-27,78.51
LT-16765,Larry Tron,811,Consumer,21/04/2001,81.1,Dr Joel Palmer,GOZF31766292654818,928,Segment 1,1995-04-20,75.05
LT-17110,Liz Thompson,222,Consumer,22/04/2001,22.2,Mary Phillips,MRME79232400032042,463,Segment 1,1981-12-23,65.97
LW-16825,Laurel Workman,56,Corporate,23/04/2001,5.6,Thomas Bell,VJYX43866726407520,322,Segment 3,1971-02-22,75.28
LW-16990,Lindsay Williams,647,Corporate,24/04/2001,64.7,Hayley Greenwood,HPBE01487167921509,579,Segment 3,1989-10-08,5.73
LW-17125,Liz Willingham,17,Consumer,25/04/2001,1.7,Diana Fisher-Owen,VYFN62157239672384,28,Segment 1,1972-04-28,21.61
LW-17215,Luke Weiss,10,Consumer,26/04/2001,1.0,Melissa Lowe,BORQ80864728653918,254,Segment 1,1978-06-17,36.34
MA-17560,Matt Abelman,623,Home Office,27/04/2001,62.3,Dr Dennis Brown,PKKA28010904418366,990,Segment 2,1980-09-26,55.92
MA-17995,Michelle Arnett,153,Home Office,28/04/2001,15.3,Ian Miller,UOHJ07395598351066,268,Segment 2,1996-01-09,80.86
MB-17305,Maria Bertelson,8,Consumer,29/04/2001,0.8,Mandy Patel,JZQI46512796617000,512,Segment 1,1989-03-11,42.94
MB-18085,Mick Brown,582,Consumer,30/04/2001,58.2,Naomi Smith,DIQE39995642910000,659,Segment 1,1973-10-23,43.97
MC-17275,Marc Crier,395,Consumer,01/05/2001,39.5,Timothy Kaur,NZZJ49857122377699,100,Segment 1,2002-07-20,91.02
MC-17425,Mark Cousins,148,Corporate,02/05/2001,14.8,Alan Cooper,OTBS94143780016043,826,Segment 3,1975-05-22,51.61
MC-17575,Matt Collins,75,Consumer,03/05/2001,7.5,Tom Nash,MBEH26587219183345,517,Segment 1,1973-01-13,44.25
MC-17590,Matt Collister,625,Corporate,04/05/2001,62.5,Mr Dale Moss,GMCS06998376393765,139,Segment 3,1970-02-28,70.31
MC-17605,Matt Connell,401,Corporate,05/05/2001,40.1,Anna Roberts,CFPX45333888545287,161,Segment 3,2021-05-18,41.85
MC-17635,Matthew Clasen,547,Corporate,06/05/2001,54.7,Irene Mellor,ELAG94952558947400,126,Segment 3,1979-08-22,14.56
MC-17845,Michael Chen,220,Consumer,07/05/2001,22.0,Mr Damien Parry,YAUO65067482767287,947,Segment 1,1980-05-10,90.91
MC-18100,Mick Crebagga,122,Consumer,08/05/2001,12.2,Kenneth Graham,LTRY75980928013199,258,Segment 1,1979-03-06,56.65
MC-18130,Mike Caudle,426,Corporate,09/05/2001,42.6,Duncan Burton,EPCE28600829093305,286,Segment 3,1993-09-20,84.12
MD-17350,Maribeth Dona,102,Consumer,10/05/2001,10.2,Ms Jane Nash,HXXF04434915943884,287,Segment 1,2016-03-15,84.01
MD-17860,Michael Dominguez,446,Corporate,11/05/2001,44.6,Howard Turner,HHZC80057641148560,193,Segment 3,1999-02-14,1.96
ME-17320,Maria Etezadi,677,Home Office,12/05/2001,67.7,Mary Ali,NZES12736934843018,115,Segment 2,1979-12-29,13.52
ME-17725,Max Engle,279,Consumer,13/05/2001,27.9,Paige Green,ILWN14937640040546,387,Segment 1,2003-07-28,32.42
ME-18010,Michelle Ellison,220,Corporate,14/05/2001,22.0,Tracy Robinson,IAVD61160968384732,947,Segment 3,2012-12-21,90.91
MF-17665,Maureen Fritzler,39,Corporate,15/05/2001,3.9,Mr Alex Armstrong,BFIG31567188393529,80,Segment 3,1970-10-29,90.95
MF-18250,Monica Federle,733,Corporate,16/05/2001,73.3,Emily Morgan,PLXL96522884057175,588,Segment 3,1983-05-07,73.51
MG-17650,Matthew Grinstein,755,Home Office,17/05/2001,75.5,Dr Julian Khan,RMXL26870352594109,884,Segment 2,1996-05-30,75.3
MG-17680,Maureen Gastineau,753,Home Office,18/05/2001,75.3,Mr Bradley Knowles,WMPD02543704887332,53,Segment 2,1979-06-19,42.61
MG-17695,Maureen Gnade,163,Consumer,19/05/2001,16.3,Mr Adrian Byrne,ZCIL32112117627075,692,Segment 1,1993-03-14,19.99
MG-17875,Michael Grace,228,Home Office,20/05/2001,22.8,Miss Bethan Duffy,BWYA66535612792864,859,Segment 2,2005-02-20,75.13
MG-17890,Michael Granlund,193,Home Office,21/05/2001,19.3,Jay Davey,GJRI77168921488304,177,Segment 2,2006-01-28,91.38
MG-18145,Mike Gockenbach,11,Consumer,22/05/2001,1.1,Jill Edwards-Davies,LESH64929841246317,555,Segment 1,1998-01-13,31.46
MG-18205,Mitch Gastineau,179,Corporate,23/05/2001,17.9,Dr Jacob Martin,WMZI34174617532097,794,Segment 3,2006-07-10,50.01
MH-17290,Marc Harrigan,798,Home Office,24/05/2001,79.8,Dale Jones,UIDO83464509763354,963,Segment 2,1989-04-06,95.21
MH-17440,Mark Haberlin,814,Corporate,25/05/2001,81.4,Mr Benjamin Thomas,ZHGR35290467015304,583,Segment 3,1991-06-23,40.07
MH-17455,Mark Hamilton,939,Consumer,26/05/2001,93.9,Catherine Hall,BUCR71054087648871,387,Segment 1,2014-01-24,58.82
MH-17620,Matt Hagelstein,106,Corporate,27/05/2001,10.6,Francesca Shah,FCJY29494092719174,295,Segment 3,2002-08-16,79.44
MH-17785,Maya Herman,369,Corporate,28/05/2001,36.9,Leah Lees,FPYT32673905206572,81,Segment 3,2020-09-09,27.12
MH-18025,Michelle Huthwaite,369,Consumer,29/05/2001,36.9,Samantha Butcher,FJHR00618161013816,81,Segment 1,1987-02-10,27.12
MH-18115,Mick Hernandez,633,Home Office,30/05/2001,63.3,Francesca Bull,WOYI44529221999707,843,Segment 2,1999-12-02,11.99
MJ-17740,Max Jones,618,Consumer,31/05/2001,61.8,Miss Kayleigh Davidson,RGDW73359934527073,104,Segment 1,1985-09-24,40.14
MK-17905,Michael Kennedy,906,Corporate,01/06/2001,90.6,Elliott Welch,DUKK74062934230577,206,Segment 3,2018-12-25,57.28
MK-18160,Mike Kennedy,604,Consumer,02/06/2001,60.4,Mohammad Leach,GHOU45690133432137,107,Segment 1,2016-12-17,82.06
ML-17395,Marina Lichtenstein,973,Corporate,03/06/2001,97.3,Amelia Powell,APDK71598727403143,341,Segment 3,1991-07-01,56.91
ML-17410,Maris LaWare,144,Consumer,04/06/2001,14.4,Geraldine Thompson,LFSM08153018298535,74,Segment 1,2021-09-10,40.65
ML-17755,Max Ludwig,425,Home Office,05/06/2001,42.5,Howard Scott,XGBB06564629665930,217,Segment 2,1973-02-12,49.53
ML-18040,Michelle Lonsdale,560,Corporate,06/06/2001,56.0,Dr Rhys Allan,UKCP15059692078147,34,Segment 3,2011-06-14,57.51
ML-18265,Muhammed Lee,589,Consumer,07/06/2001,58.9,Jenna Harper,EPPM15025498144876,620,Segment 1,1988-08-03,92.63
MM-17260,Magdelene Morse,934,Consumer,08/06/2001,93.4,Nicola Bruce,BKUS32858050506729,682,Segment 1,2016-07-26,68.23
MM-17920,Michael Moore,198,Consumer,09/06/2001,19.8,Ian Wilkinson,NXOM85842949591282,405,Segment 1,2007-03-07,95.32
MM-18055,Michelle Moray,65,Consumer,10/06/2001,6.5,Robert Farmer-Vaughan,RZBX34061043325051,287,Segment 1,1985-10-13,5.8
MM-18280,Muhammed MacIntyre,832,Corporate,11/06/2001,83.2,Denise Wright,FTXS90469635213722,580,Segment 3,1995-10-28,68.96
MN-17935,Michael Nguyen,635,Consumer,12/06/2001,63.5,Frank Mellor,EHRQ91489851222874,786,Segment 1,1995-05-21,80.79
MO-17500,Mary O'Rourke,376,Consumer,13/06/2001,37.6,Miss Geraldine Smith,NADU46376494377972,364,Segment 1,2020-07-31,3.0
MO-17800,Meg O'Connel,300,Home Office,14/06/2001,30.0,Mr Abdul McLean,NMXN80870763806663,649,Segment 2,2010-02-21,18.27
MO-17950,Michael Oakman,503,Consumer,15/06/2001,50.3,Abdul Taylor,BAUY92337073008070,671,Segment 1,2016-09-05,69.34
MP-17470,Mark Packer,330,Home Office,16/06/2001,33.0,Amelia Martin,WYQN06984728858227,582,Segment 2,2014-11-04,43.86
MP-17965,Michael Paige,679,Corporate,17/06/2001,67.9,Jake Jordan,IKOD59864564095344,575,Segment 3,2012-08-15,84.04
MP-18175,Mike Pelletier,363,Home Office,18/06/2001,36.3,Ross Powell,VNPN73230066546028,613,Segment 2,1978-11-11,89.01
MR-17545,Mathew Reese,739,Home Office,19/06/2001,73.9,Carole Iqbal-Patel,KLGN45644227633356,698,Segment 2,2009-06-16,53.54
MS-17365,Maribeth Schnelling,923,Consumer,20/06/2001,92.3,Miss Georgina Bailey,UURA95212667129714,109,Segment 1,1985-06-20,76.74
MS-17530,MaryBeth Skach,689,Consumer,21/06/2001,68.9,Fiona Hunter,FDVO60969005775962,417,Segment 1,1972-09-15,29.04
MS-17710,Maurice Satty,31,Consumer,22/06/2001,3.1,Dr Bethan Wilkinson,TESQ31329506511726,129,Segment 1,2012-03-12,56.15
MS-17770,Maxwell Schwartz,841,Consumer,23/06/2001,84.1,Mrs Kim Walker,RGEX80489030167122,991,Segment 1,2005-07-19,40.31
MS-17830,Melanie Seite,229,Consumer,24/06/2001,22.9,Richard Doyle-Murray,KWAP79570061492621,602,Segment 1,2011-05-15,73.29
MS-17980,Michael Stewart,893,Corporate,25/06/2001,89.3,Christopher Thomas,RUTZ64961731409032,790,Segment 3,1983-05-22,22.9
MT-17815,Meg Tillman,416,Consumer,26/06/2001,41.6,Robin Williams,IIOL84076971465310,470,Segment 1,2010-03-17,46.11
MT-18070,Michelle Tran,672,Home Office,27/06/2001,67.2,Stephanie Chan,QTFE68520110704979,135,Segment 2,1983-12-29,74.77
MV-17485,Mark Van Huff,448,Consumer,28/06/2001,44.8,Tony Kelly-Davis,GVAO70694614858564,393,Segment 1,2018-06-05,70.25
MV-18190,Mike Vittorini,893,Consumer,29/06/2001,89.3,Ann Hunt,UTED61054722511325,790,Segment 1,2002-10-04,22.9
MW-18220,Mitch Webber,296,Consumer,30/06/2001,29.6,Stewart Williams-Duncan,OPNT84773735559437,154,Segment 1,1996-04-30,71.76
MW-18235,Mitch Willingham,155,Corporate,01/07/2001,15.5,Debra Wall-Nicholson,CXAG12735617844318,85,Segment 3,1991-02-21,58.8
MY-17380,Maribeth Yedwab,429,Corporate,02/07/2001,42.9,Bruce Holmes-Stone,CUUP84850946774878,34,Segment 3,1998-11-17,84.13
MY-18295,Muhammed Yedwab,619,Corporate,03/07/2001,61.9,Mr Derek Hughes,VUQK07628724934705,790,Segment 3,1978-07-12,73.36
MZ-17335,Maria Zettner,477,Home Office,04/07/2001,47.7,Emily Cox-Evans,QYDG40517682297827,205,Segment 2,1990-07-27,93.56
MZ-17515,Mary Zewe,577,Corporate,05/07/2001,57.7,Linda Herbert,ANLK48877623858031,886,Segment 3,2008-07-24,27.65
NB-18580,Nicole Brennan,23,Corporate,06/07/2001,2.3,Phillip Davis,APNS47831973121691,409,Segment 3,2010-09-14,27.6
NB-18655,Nona Balk,274,Corporate,07/07/2001,27.4,Mr Scott Scott,BRDO09612786973745,680,Segment 3,2020-04-21,72.05
NC-18340,Nat Carroll,934,Consumer,08/07/2001,93.4,Kyle Bradley,XYMK35958534117111,682,Segment 1,2016-06-20,68.23
NC-18415,Nathan Cano,170,Consumer,09/07/2001,17.0,Mr Francis Wilson,OGFO26237595297434,267,Segment 1,1974-08-21,60.31
NC-18535,Nick Crebassa,297,Corporate,10/07/2001,29.7,Charlotte Scott,RSRG16992754718853,677,Segment 3,1983-02-26,34.14
NC-18625,Noah Childs,895,Corporate,11/07/2001,89.5,Helen Davies,SXZQ71700841323280,758,Segment 3,2012-05-23,60.18
ND-18370,Natalie DeCherney,75,Consumer,12/07/2001,7.5,Frances Smith,DWUT12238470337599,517,Segment 1,1989-11-16,44.25
ND-18460,Neil Ducich,391,Corporate,13/07/2001,39.1,Ryan Ingram,WNPK42046038115511,73,Segment 3,1971-05-20,33.25
NF-18385,Natalie Fritzler,52,Consumer,14/07/2001,5.2,Donald Hodgson-Carter,WZZH69010611088947,279,Segment 1,1991-03-18,16.21
NF-18475,Neil Französisch,723,Home Office,15/07/2001,72.3,Mr Joe Anderson,UBKU97278586425424,980,Segment 2,2013-08-28,76.61
NF-18595,Nicole Fjeld,326,Home Office,16/07/2001,32.6,Grace Smith,UWDT44678200041858,798,Segment 2,1996-08-16,45.52
NG-18355,Nat Gilpin,471,Corporate,17/07/2001,47.1,Denise Francis,XXUI58435400576425,742,Segment 3,1993-03-25,8.97
NG-18430,Nathan Gelder,537,Consumer,18/07/2001,53.7,Maureen Payne,AQPW57958660163365,929,Segment 1,1981-05-12,42.2
NH-18610,Nicole Hansen,147,Corporate,19/07/2001,14.7,Ellie Green,PZHW20023893867209,951,Segment 3,1976-01-25,59.4
NK-18490,Neil Knudson,849,Home Office,20/07/2001,84.9,Mrs Jessica Webster,AOGV93590878020163,469,Segment 2,1989-10-04,93.83
NL-18310,Nancy Lomonaco,423,Home Office,21/07/2001,42.3,Jemma Williams-Collins,TWDN86818463380095,828,Segment 2,2002-05-05,26.73
NM-18445,Nathan Mautz,326,Home Office,22/07/2001,32.6,Ashleigh Fraser-Kirby,IPIL47183147236079,798,Segment 2,2008-11-08,45.52
NM-18520,Neoma Murray,753,Consumer,23/07/2001,75.3,Eileen Storey,LESE99459725075389,53,Segment 1,2003-11-16,42.61
NP-18325,Naresj Patel,772,Consumer,24/07/2001,77.2,Louis Johnson,ZTSO40414372147324,788,Segment 1,1992-03-19,60.14
NP-18670,Nora Paige,194,Consumer,25/07/2001,19.4,Josephine Roberts-Ellis,VUFK57616168745859,333,Segment 1,1971-01-19,13.18
NP-18685,Nora Pelletier,484,Home Office,26/07/2001,48.4,Dr Liam Wright,RHLJ95120161896906,335,Segment 2,2009-10-05,49.02
NP-18700,Nora Preis,610,Consumer,27/07/2001,61.0,Ms Rosemary Burgess,CBMY44933425180036,100,Segment 1,2013-01-29,10.64
NR-18550,Nick Radford,42,Consumer,28/07/2001,4.2,Susan Nolan,TXBR70563779679772,974,Segment 1,2009-09-30,63.72
NS-18505,Neola Schneider,622,Consumer,29/07/2001,62.2,Antony Watson-Walsh,MMXU23073611872465,60,Segment 1,1982-06-09,48.11
NS-18640,Noel Staavos,882,Corporate,30/07/2001,88.2,Carol Dawson,MSPQ07367897772605,247,Segment 3,1994-11-24,45.97
NW-18400,Natalie Webber,565,Consumer,31/07/2001,56.5,Raymond Bishop,BYKE97887539983477,484,Segment 1,1980-11-01,57.17
NZ-18565,Nick Zandusky,837,Home Office,01/08/2001,83.7,Timothy Hilton,QHVI43289885344061,399,Segment 2,2012-08-21,23.33
ON-18715,Odella Nelson,991,Corporate,02/08/2001,99.1,Dr Terry Cross,WTGE32815423801504,535,Segment 3,1984-03-23,34.96
OT-18730,Olvera Toch,47,Consumer,03/08/2001,4.7,Michael Arnold,UEME66672687261692,821,Segment 1,1991-03-03,39.21
PA-19060,Pete Armstrong,401,Home Office,04/08/2001,40.1,Terry Williams,JNQH35692686282416,161,Segment 2,1970-11-23,41.85
PB-18805,Patrick Bzostek,644,Home Office,05/08/2001,64.4,Jodie Bell,AIPQ75124564360853,192,Segment 2,2010-06-23,11.39
PB-19105,Peter Bühler,875,Consumer,06/08/2001,87.5,Timothy Harvey,ZPPS44420572158285,881,Segment 1,1976-09-05,60.23
PB-19150,Philip Brown,394,Consumer,07/08/2001,39.4,Ryan Ellis,ZCXM65979466357346,311,Segment 1,1998-04-07,48.82
PB-19210,Phillip Breyer,169,Corporate,08/08/2001,16.9,Sean Brooks,GEUT79364851747818,716,Segment 3,2016-04-13,89.53
PC-18745,Pamela Coakley,34,Corporate,09/08/2001,3.4,Thomas Howe-Mills,MHQE93351480018847,118,Segment 3,1981-01-26,63.1
PC-19000,Pauline Chand,929,Home Office,10/08/2001,92.9,Ms Judith Brown,HOCF08949345406776,704,Segment 2,2004-01-31,51.19
PF-19120,Peter Fuller,887,Consumer,11/08/2001,88.7,Deborah Lewis,MBCG95955470714566,701,Segment 1,2015-06-08,33.11
PF-19165,Philip Fox,706,Consumer,12/08/2001,70.6,Sara Brown,XUZI46031255438690,403,Segment 1,1987-07-08,66.05
PF-19225,Phillip Flathmann,811,Consumer,13/08/2001,81.1,Lisa Morris,SKIY53021637607503,928,Segment 1,2009-04-20,75.05
PG-18820,Patrick Gardner,385,Consumer,14/08/2001,38.5,Mr Patrick Potter,GFJQ48771343263975,187,Segment 1,2016-09-25,28.31
PG-18895,Paul Gonzalez,855,Consumer,15/08/2001,85.5,Iain Richards,DUGU97244096232192,673,Segment 1,2005-05-08,57.39
PH-18790,Patricia Hirasaki,162,Home Office,16/08/2001,16.2,Julie Hilton-Cooper,LSAV52777236934084,196,Segment 2,1977-04-03,88.1
PJ-18835,Patrick Jones,550,Corporate,17/08/2001,55.0,Mrs Jean Holland,GWUK63726841030633,741,Segment 3,1981-01-11,70.4
PJ-19015,Pauline Johnson,191,Consumer,18/08/2001,19.1,Aimee Willis-Sanderson,ZVAU75572650172938,460,Segment 1,2020-10-17,46.22
PK-18910,Paul Knutson,279,Home Office,19/08/2001,27.9,Dr Shane Thomas,SQBM87307967434933,387,Segment 2,1992-09-05,32.42
PK-19075,Pete Kriz,728,Consumer,20/08/2001,72.8,Cheryl Brown-Cox,KONE75618078661647,306,Segment 1,1989-03-13,92.75
PL-18925,Paul Lucas,235,Home Office,21/08/2001,23.5,Emma Fry,GBQI82220763530567,447,Segment 2,1979-05-28,75.78
PM-18940,Paul MacIntyre,288,Consumer,22/08/2001,28.8,June Hammond,NAOH05141882373761,991,Segment 1,2019-06-01,56.26
PM-19135,Peter McVee,938,Home Office,23/08/2001,93.8,Geraldine Miller,HGLT70966746081073,533,Segment 2,2008-10-01,61.38
PN-18775,Parhena Norris,304,Home Office,24/08/2001,30.4,Judith Todd,MWLV26743827515067,161,Segment 2,1981-04-09,84.34
PO-18850,Patrick O'Brill,494,Consumer,25/08/2001,49.4,Lorraine Sanders,LWJR00137437062067,922,Segment 1,2015-06-26,23.4
PO-18865,Patrick O'Donnell,385,Consumer,26/08/2001,38.5,Sarah Pritchard-Gallagher,RFJZ81753611578665,187,Segment 1,2012-02-22,28.31
PO-19180,Philisse Overcash,947,Home Office,27/08/2001,94.7,Ashley Savage,XZAO04289993655873,951,Segment 2,1975-01-09,7.91
PO-19195,Phillina Ober,561,Home Office,28/08/2001,56.1,Phillip Thomson,UIPM15502037921378,655,Segment 2,1976-03-20,62.97
PP-18955,Paul Prost,678,Home Office,29/08/2001,67.8,Geoffrey Turnbull,LKCS63312302748958,825,Segment 2,2021-07-04,17.82
PR-18880,Patrick Ryan,836,Consumer,30/08/2001,83.6,Chloe Smith,ZBHM59233538898810,316,Segment 1,1987-06-14,39.42
PS-18760,Pamela Stobb,250,Consumer,31/08/2001,25.0,Mr Damian Whitehouse,NAJK41506279129632,947,Segment 1,1988-07-30,95.04
PS-18970,Paul Stevenson,981,Home Office,01/09/2001,98.1,Gail Howells,SVPD85617395202854,469,Segment 2,1971-06-21,57.84
PS-19045,Penelope Sewall,105,Home Office,02/09/2001,10.5,Dr Shannon Jones,YQCJ64719209331641,216,Segment 2,1978-09-12,2.17
PT-19090,Pete Takahito,860,Consumer,03/09/2001,86.0,Linda Thompson,SYYV32351588141280,615,Segment 1,1988-10-12,42.8
PV-18985,Paul Van Hugh,877,Home Office,04/09/2001,87.7,Debra Evans,SKMV00980015820406,571,Segment 2,2005-02-24,56.68
PW-19030,Pauline Webber,108,Corporate,05/09/2001,10.8,Dr Michael Brown,UHPH75340264728794,458,Segment 3,1976-02-06,85.45
PW-19240,Pierre Wener,524,Consumer,06/09/2001,52.4,Ms Lisa Baxter,ELZI66897177147674,45,Segment 1,1975-07-25,52.23
QJ-19255,Quincy Jones,762,Corporate,07/09/2001,76.2,Naomi Wright-Ford,XIGA70567983404757,819,Segment 3,1982-05-22,11.52
RA-19285,Ralph Arnett,718,Consumer,08/09/2001,71.8,Paul Thomas,ENRO84188528671319,77,Segment 1,1976-06-11,55.66
RA-19885,Ruben Ausman,121,Corporate,09/09/2001,12.1,Gerard Gough,BIXU52473923671072,72,Segment 3,2019-09-22,82.13
RA-19915,Russell Applegate,539,Consumer,10/09/2001,53.9,Dr Dorothy Chadwick,SBPQ51812102311935,665,Segment 1,1978-03-06,49.74
RA-19945,Ryan Akin,510,Consumer,11/09/2001,51.0,Gillian Hartley,OPMF09949991875809,4,Segment 1,1987-09-18,72.97
RB-19330,Randy Bradley,624,Consumer,12/09/2001,62.4,Stuart Smith,QTSJ12231992964019,944,Segment 1,2015-11-24,62.06
RB-19360,Raymond Buch,598,Consumer,13/09/2001,59.8,Valerie Coleman,FQFP59607614808953,149,Segment 1,2006-08-20,23.36
RB-19435,Richard Bierner,154,Consumer,14/09/2001,15.4,Russell Johnson,XPTC60447585569066,400,Segment 1,2022-02-08,27.73
RB-19465,Rick Bensley,598,Home Office,15/09/2001,59.8,Jodie Green,EQOD42351519400875,149,Segment 2,1988-01-24,23.36
RB-19570,Rob Beeghly,630,Consumer,16/09/2001,63.0,Julie Higgins,HJGZ30039987612210,385,Segment 1,2011-07-10,28.67
RB-19645,Robert Barroso,66,Corporate,17/09/2001,6.6,Jordan Richardson-Jones,GUXW01919115966380,542,Segment 3,2020-01-04,31.8
RB-19705,Roger Barcio,343,Home Office,18/09/2001,34.3,Julia Hall-Francis,JDLC48408214248993,217,Segment 2,2020-09-25,77.22
RB-19795,Ross Baird,991,Home Office,19/09/2001,99.1,Adam Roberts,HFLU84659905171792,535,Segment 2,2002-12-21,34.96
RC-19825,Roy Collins,613,Consumer,20/09/2001,61.3,Paige Phillips,NJBN29274691336816,675,Segment 1,1983-05-06,92.33
RC-19960,Ryan Crowe,74,Consumer,21/09/2001,7.4,Dr Josh Lloyd,SEVH41325624206088,169,Segment 1,1977-12-03,74.94
RD-19480,Rick Duston,98,Consumer,22/09/2001,9.8,Howard Cole-Bentley,JDTQ53924689608708,108,Segment 1,1974-12-13,65.53
RD-19585,Rob Dowd,65,Consumer,23/09/2001,6.5,Dr Barry Robinson,RPEJ12254167177695,287,Segment 1,2017-01-01,5.8
RD-19660,Robert Dilbeck,740,Home Office,24/09/2001,74.0,Dr Kimberley Hale,EVPH17879673276193,903,Segment 2,1982-09-09,71.31
RD-19720,Roger Demir,930,Consumer,25/09/2001,93.0,Mr Gerard Warren,CCCH67665649193781,234,Segment 1,1995-10-29,40.9
RD-19810,Ross DeVincentis,368,Home Office,26/09/2001,36.8,Mr Graham Williams,AVJX12823367130373,462,Segment 2,1972-01-31,3.52
RD-19900,Ruben Dartt,799,Consumer,27/09/2001,79.9,Rhys Morris,DPNI35868301252590,885,Segment 1,1997-11-02,58.55
RD-19930,Russell D'Ascenzo,171,Consumer,28/09/2001,17.1,Jake Steele,TUBP94835651705804,154,Segment 1,2013-12-11,19.02
RE-19405,Ricardo Emerson,246,Consumer,29/09/2001,24.6,Frederick Rogers,IKQV51545483384737,829,Segment 1,1977-01-02,56.01
RE-19450,Richard Eichhorn,600,Consumer,30/09/2001,60.0,Mrs Debra Bull,JCRQ62316117712531,639,Segment 1,1979-09-30,60.17
RF-19345,Randy Ferguson,851,Corporate,01/10/2001,85.1,Dr Harriet Gray,WLJI57113688498792,596,Segment 3,1970-05-25,31.76
RF-19735,Roland Fjeld,339,Consumer,02/10/2001,33.9,Malcolm Hodgson,LRPH95476970900525,827,Segment 1,2005-06-21,64.88
RF-19840,Roy Französisch,530,Consumer,03/10/2001,53.0,Raymond Woods,GEZB73582775231819,600,Segment 1,2013-08-17,34.36
RH-19495,Rick Hansen,338,Consumer,04/10/2001,33.8,Paula Waters,UCCF41305647798643,765,Segment 1,1996-12-15,28.0
RH-19510,Rick Huthwaite,174,Home Office,05/10/2001,17.4,Sandra Metcalfe,DONI60631302830986,59,Segment 2,1984-04-11,5.11
RH-19555,Ritsa Hightower,503,Consumer,06/10/2001,50.3,Karen Weston,FLUU71235534290258,671,Segment 1,1977-04-20,69.34
RH-19600,Rob Haberlin,746,Consumer,07/10/2001,74.6,Mr Abdul Evans,QPST03507342568538,730,Segment 1,1992-09-10,85.4
RK-19300,Ralph Kennedy,890,Consumer,08/10/2001,89.0,Dr Gary Martin,HLGF12018857315221,898,Segment 1,2015-08-09,67.06
RL-19615,Rob Lucas,9,Consumer,09/10/2001,0.9,Ms Zoe Wilkinson,UAVL33599583632493,85,Segment 1,1973-09-17,91.45
RM-19375,Raymond Messe,294,Consumer,10/10/2001,29.4,Dr William Wilson,TGSC25414012864363,147,Segment 1,2008-06-13,50.74
RM-19675,Robert Marley,751,Home Office,11/10/2001,75.1,Katherine Lloyd,WPMX90267329087746,753,Segment 2,2012-10-20,38.39
RM-19750,Roland Murray,362,Consumer,12/10/2001,36.2,Alex Power,FJYJ33131141130333,838,Segment 1,1978-01-15,84.99
RO-19780,Rose O'Brian,951,Consumer,13/10/2001,95.1,Scott Walton,LGMX79967650798645,780,Segment 1,2004-01-22,46.53
RP-19270,Rachel Payne,656,Corporate,14/10/2001,65.6,Amy George,AIND12359460304008,960,Segment 3,1993-12-06,66.02
RP-19390,Resi Pölking,265,Consumer,15/10/2001,26.5,Georgina McDonald,MVEV58517416247921,672,Segment 1,1995-01-06,49.92
RP-19855,Roy Phan,249,Corporate,16/10/2001,24.9,Amber Whitehead-Whitehead,VJPB94604308055790,486,Segment 3,1985-04-23,90.36
RR-19315,Ralph Ritter,677,Consumer,17/10/2001,67.7,Mitchell Wilson,IDDJ93452465499137,115,Segment 1,1981-04-10,13.52
RR-19525,Rick Reed,682,Corporate,18/10/2001,68.2,Denis Gregory-Macdonald,NXZR38603086890329,338,Segment 3,2008-08-05,19.44
RS-19420,Ricardo Sperren,0,Corporate,19/10/2001,0.0,Ruth Turner,QAZX88400559196741,486,Segment 3,2008-05-12,15.04
RS-19765,Roland Schwarz,493,Corporate,20/10/2001,49.3,Mr Daniel Robson,FWEE97907911899512,70,Segment 3,2015-04-01,32.87
RS-19870,Roy Skaria,958,Home Office,21/10/2001,95.8,Mrs Denise Browne,SQZG63058439944797,566,Segment 2,1994-11-27,0.33
RW-19540,Rick Wilson,457,Corporate,22/10/2001,45.7,Barbara Williams,UNQH15518590888044,241,Segment 3,2002-07-03,70.37
RW-19630,Rob Williams,301,Corporate,23/10/2001,30.1,Terence Lees,CKBS01138765887358,840,Segment 3,1989-09-28,47.7
RW-19690,Robert Waldorf,165,Consumer,24/10/2001,16.5,Dr Beth Hardy,FKYL37548682996149,993,Segment 1,2011-04-28,45.36
SA-20830,Sue Ann Reed,2,Consumer,25/10/2001,0.2,Danielle James,YLXA66758945577064,906,Segment 1,1977-03-22,58.45
SB-20170,Sarah Bern,781,Consumer,26/10/2001,78.1,Linda Archer,ATQZ28387907159333,232,Segment 1,2003-11-04,23.07
SB-20185,Sarah Brown,956,Consumer,27/10/2001,95.6,Donna Hart,GBRB73784510806083,347,Segment 1,2015-08-26,61.0
SB-20290,Sean Braxton,460,Corporate,28/10/2001,46.0,Callum Nash-Chambers,YDDT22696796463442,273,Segment 3,2008-05-21,17.85
SC-20020,Sam Craven,367,Consumer,29/10/2001,36.7,Joe Norris,HFSS37131750480502,578,Segment 1,2022-03-01,18.24
SC-20050,Sample Company A,124,Home Office,30/10/2001,12.4,Albert Stanley,ZAUE99517266666943,906,Segment 2,1993-01-04,81.16
SC-20095,Sanjit Chand,835,Consumer,31/10/2001,83.5,Victoria Howell,JMYB09876131518113,591,Segment 1,1981-04-21,6.95
SC-20230,Scot Coram,190,Corporate,01/11/2001,19.0,Marie Carr,RMYD69675910036300,30,Segment 3,1980-05-24,99.78
SC-20260,Scott Cohen,38,Corporate,02/11/2001,3.8,Stephen Bolton,VPYB45112517012552,298,Segment 3,1995-05-21,27.98
SC-20305,Sean Christensen,327,Consumer,03/11/2001,32.7,Mr Jake Roberts,DEEW65707356833882,211,Segment 1,2015-07-27,25.79
SC-20380,Shahid Collister,158,Consumer,04/11/2001,15.8,Suzanne Daly,NSPW24940073957876,282,Segment 1,1978-11-17,6.62
SC-20440,Shaun Chance,618,Corporate,05/11/2001,61.8,Nicola White,ACHD23046929889571,104,Segment 3,1980-07-14,40.14
SC-20575,Sonia Cooley,185,Consumer,06/11/2001,18.5,Dr Marian Brown,WBNR00849323161333,372,Segment 1,2005-01-10,71.87
SC-20680,Steve Carroll,542,Home Office,07/11/2001,54.2,Fiona Bird,VQJF01655334180812,914,Segment 2,1989-11-30,89.39
SC-20695,Steve Chapman,489,Corporate,08/11/2001,48.9,Mr Tom Davis,FQRM37050124352613,807,Segment 3,2001-04-01,86.99
SC-20725,Steven Cartwright,252,Consumer,09/11/2001,25.2,Leonard Robinson,NNSR23250965441418,217,Segment 1,1990-02-27,51.19
SC-20770,Stewart Carmichael,910,Corporate,10/11/2001,91.0,Dr Damian Hammond,WRXN50067143216265,434,Segment 3,1971-03-11,89.36
SC-20800,Stuart Calhoun,280,Consumer,11/11/2001,28.0,Alison Hartley,ZUSD90092370058992,931,Segment 1,1975-10-15,45.07
SC-20845,Sung Chung,313,Consumer,12/11/2001,31.3,Reece Kirby,AUYG89035337450908,357,Segment 1,1989-12-17,29.82
SD-20485,Shirley Daniels,647,Home Office,13/11/2001,64.7,Nicole Hall,NICI74409982303190,579,Segment 2,1996-07-07,5.73
SE-20110,Sanjit Engle,871,Consumer,14/11/2001,87.1,Miss Amanda Metcalfe,XRIJ37485262985923,825,Segment 1,1993-08-06,53.04
SF-20065,Sandra Flanagan,723,Consumer,15/11/2001,72.3,Kenneth Smith,XTUS37928646351257,980,Segment 1,2020-01-22,76.61
SF-20200,Sarah Foster,971,Consumer,16/11/2001,97.1,Paul Matthews-Davis,ZZXT44926723053109,116,Segment 1,1976-06-06,5.0
SF-20965,Sylvia Foulston,884,Corporate,17/11/2001,88.4,Darren Kirby,FHOG95166166970325,561,Segment 3,2015-11-30,50.37
SG-20080,Sandra Glassco,782,Consumer,18/11/2001,78.2,Jade Riley,SJQT93771558354396,988,Segment 1,2013-06-14,29.11
SG-20470,Sheri Gordon,674,Consumer,19/11/2001,67.4,Charlene Hopkins,FLLR88882348230499,344,Segment 1,1970-07-01,26.54
SG-20605,Speros Goranitis,25,Consumer,20/11/2001,2.5,Mr Connor Booth,EAGY93917931462423,50,Segment 1,1979-11-15,79.97
SG-20890,Susan Gilcrest,696,Corporate,21/11/2001,69.6,Carolyn Wall,IPYF14344993220826,120,Segment 3,2017-11-06,15.74
SH-19975,Sally Hughsby,275,Corporate,22/11/2001,27.5,Miss Carly Taylor,VEWU23500598261748,847,Segment 3,2008-03-06,94.39
SH-20395,Shahid Hopkins,519,Consumer,23/11/2001,51.9,Ian Wallace,SFSL06674477594080,585,Segment 1,1997-01-20,37.8
SH-20635,Stefanie Holloman,731,Corporate,24/11/2001,73.1,Ruth Power,PZFT69543217126979,611,Segment 3,1972-04-27,2.81
SJ-20125,Sanjit Jacobs,255,Home Office,25/11/2001,25.5,Kyle Baker,XWAA54953511006423,401,Segment 2,1989-11-24,52.23
SJ-20215,Sarah Jordon,76,Consumer,26/11/2001,7.6,Callum Blackburn,EOPC52014256720447,514,Segment 1,2013-03-11,74.67
SJ-20500,Shirley Jackson,713,Consumer,27/11/2001,71.3,Mr Nathan Little,YUAW19441548514352,966,Segment 1,1975-01-26,40.38
SK-19990,Sally Knutson,191,Consumer,28/11/2001,19.1,Ms Dawn Jones,OXJE45169231107890,460,Segment 1,2021-08-30,46.22
SL-20155,Sara Luxemburg,174,Home Office,29/11/2001,17.4,Victoria Law,JAQM05586856710704,59,Segment 2,2017-07-20,5.11
SM-20005,Sally Matthias,482,Consumer,30/11/2001,48.2,Miss Maria Armstrong,YJCI93767266439575,600,Segment 1,2013-07-15,54.87
SM-20320,Sean Miller,147,Home Office,01/12/2001,14.7,Mr Christopher Sanders,LSDL21150254473551,951,Segment 2,1998-11-17,59.4
SM-20905,Susan MacKendrick,853,Consumer,02/12/2001,85.3,Mrs Fiona Taylor,MMKY92646106117183,477,Segment 1,1993-08-06,60.47
SM-20950,Suzanne McNair,349,Corporate,03/12/2001,34.9,Kayleigh Smith,HADG31863296371266,548,Segment 3,2014-11-21,97.07
SN-20560,Skye Norling,267,Home Office,04/12/2001,26.7,Dominic Williams-Ward,LZCF49531527170716,119,Segment 2,1991-05-11,47.93
SN-20710,Steve Nguyen,825,Home Office,05/12/2001,82.5,Miss Vanessa Harrison,BSZG72451677497109,823,Segment 2,1991-01-15,74.2
SO-20335,Sean O'Donnell,855,Consumer,06/12/2001,85.5,Mrs Elaine Kelly,TEQO73289806148881,673,Segment 1,1971-12-10,57.39
SP-20545,Sibella Parks,811,Corporate,07/12/2001,81.1,Philip Godfrey,XZMU57187191531347,928,Segment 3,1994-05-30,75.05
SP-20620,Stefania Perrino,54,Corporate,08/12/2001,5.4,Ms Olivia Jones,JCMF08469966419159,62,Segment 3,2021-01-25,41.96
SP-20650,Stephanie Phelps,549,Corporate,09/12/2001,54.9,Dr Geoffrey Wilson,NIDL42927375479820,76,Segment 3,1997-01-08,54.61
SP-20860,Sung Pak,909,Corporate,10/12/2001,90.9,Max Higgins,JUEO53992875293787,260,Segment 3,2018-10-13,54.68
SP-20920,Susan Pistek,361,Consumer,11/12/2001,36.1,Gillian Murphy,JCMA02509751132312,410,Segment 1,1993-08-24,92.48
SR-20425,Sharelle Roach,442,Home Office,12/12/2001,44.2,Shannon Reynolds,QKMV15631309516578,576,Segment 2,1999-08-22,60.13
SR-20740,Steven Roelle,498,Home Office,13/12/2001,49.8,Colin Hayes-Green,UMIT27929636668284,809,Segment 2,2019-05-25,37.77
SS-20140,Saphhira Shifley,809,Corporate,14/12/2001,80.9,Dr Anthony Bennett,MGBL19654520518942,40,Segment 3,2017-08-24,32.81
SS-20410,Shahid Shariari,494,Consumer,15/12/2001,49.4,Gail Johnson,FAHF26975223175189,922,Segment 1,1980-03-15,23.4
SS-20515,Shirley Schmidt,633,Home Office,16/12/2001,63.3,Mr Leonard Williams,GDBS50757145603067,843,Segment 2,2001-07-01,11.99
SS-20590,Sonia Sunley,107,Consumer,17/12/2001,10.7,Lynn Davey-May,JWCV94856471731782,125,Segment 1,2017-11-09,27.8
SS-20875,Sung Shariari,957,Consumer,18/12/2001,95.7,Miss Brenda Jones,ZIGI52892753184657,960,Segment 1,2006-06-02,51.25
ST-20530,Shui Tom,310,Consumer,19/12/2001,31.0,Rebecca Berry,XMQE82059162551418,484,Segment 1,1976-03-28,58.69
SU-20665,Stephanie Ulpright,98,Home Office,20/12/2001,9.8,Ann Lloyd-Fry,JTWN76273518829726,108,Segment 2,2018-01-01,65.53
SV-20365,Seth Vernon,737,Consumer,21/12/2001,73.7,Abigail Poole,ITQP78397883251377,87,Segment 1,2015-01-17,47.68
SV-20785,Stewart Visinsky,817,Consumer,22/12/2001,81.7,Jacob Howell,TUJX29252273272064,314,Segment 1,1990-04-22,69.48
SV-20815,Stuart Van,731,Corporate,23/12/2001,73.1,Dr Stuart Noble,WNOB07803501266052,611,Segment 3,1976-04-25,2.81
SV-20935,Susan Vittorini,305,Consumer,24/12/2001,30.5,Lucy Cooper,XYMM58200438962944,16,Segment 1,2018-07-11,38.73
SW-20245,Scot Wooten,700,Consumer,25/12/2001,70.0,Charlene Iqbal,PFBU17541080497319,922,Segment 1,2018-02-11,34.8
SW-20275,Scott Williamson,631,Consumer,26/12/2001,63.1,Mary Browne,OKPZ60246850643246,191,Segment 1,1973-09-11,74.29
SW-20350,Sean Wendt,585,Home Office,27/12/2001,58.5,Gerald Edwards,STXI88902340778227,377,Segment 2,1977-10-04,46.28
SW-20455,Shaun Weien,702,Consumer,28/12/2001,70.2,Miss Marilyn Taylor,HRPJ13579249068517,320,Segment 1,1991-03-23,52.5
SW-20755,Steven Ward,763,Corporate,29/12/2001,76.3,Sharon Richardson,BYQR28265627388617,161,Segment 3,1988-08-27,22.31
SZ-20035,Sam Zeldin,517,Home Office,30/12/2001,51.7,Patrick Marshall,AQFQ81137615661526,428,Segment 2,2010-11-05,7.41
TA-21385,Tom Ashbrook,334,Home Office,31/12/2001,33.4,Sylvia Graham,IYMM23690079625028,569,Segment 2,2021-05-22,94.88
TB-21055,Ted Butterfield,664,Consumer,01/01/2002,66.4,Elaine Bradshaw-Reynolds,IDBZ24970435308257,775,Segment 1,2018-07-20,52.14
TB-21175,Thomas Boland,632,Corporate,02/01/2002,63.2,Valerie Mason-Adams,WCJQ60978562478061,49,Segment 3,1995-12-19,33.55
TB-21190,Thomas Brumley,69,Home Office,03/01/2002,6.9,Mr William Cooper,RAWK14903674978926,767,Segment 2,1994-04-01,18.44
TB-21250,Tim Brockman,508,Consumer,04/01/2002,50.8,Kathleen Nicholls-Kay,YOMF29588136127504,143,Segment 1,1974-04-27,75.81
TB-21280,Toby Braunhardt,5,Consumer,05/01/2002,0.5,Judith Johnson,TILX31499929495985,93,Segment 1,2000-03-16,44.15
TB-21355,Todd Boyes,243,Corporate,06/01/2002,24.3,Shaun Dunn,PPBQ91278373891943,901,Segment 3,1980-02-21,95.84
TB-21400,Tom Boeckenhauer,843,Consumer,07/01/2002,84.3,Dr Marie Miller,UEVI68277875895405,524,Segment 1,1991-02-10,5.9
TB-21520,Tracy Blumstein,340,Consumer,08/01/2002,34.0,Fiona Evans,AGGS02777680802774,399,Segment 1,2013-07-30,23.5
TB-21595,Troy Blackwell,741,Consumer,09/01/2002,74.1,Simon Vaughan,WKIC68288672097013,649,Segment 1,1985-10-02,78.64
TB-21625,Trudy Brown,403,Consumer,10/01/2002,40.3,Mr Iain Harrison,YTTW33636627361556,581,Segment 1,1970-08-24,9.04
TC-20980,Tamara Chand,651,Corporate,11/01/2002,65.1,Paige Reynolds,UMMB99629880996204,45,Segment 3,2003-01-15,35.77
TC-21145,Theresa Coyne,686,Corporate,12/01/2002,68.6,Reece Kaur,DKNT05390217841078,568,Segment 3,1986-08-22,29.01
TC-21295,Toby Carlisle,566,Consumer,13/01/2002,56.6,Shaun Austin,ZAIV98074042745860,389,Segment 1,2008-12-23,52.61
TC-21475,Tony Chapman,199,Home Office,14/01/2002,19.9,Frederick Peters,TATM61812211706826,199,Segment 2,2015-03-29,71.71
TC-21535,Tracy Collins,484,Home Office,15/01/2002,48.4,Gareth Jenkins,GXHE83246988734563,335,Segment 2,2018-08-22,49.02
TD-20995,Tamara Dahlen,903,Consumer,16/01/2002,90.3,Timothy Khan,ZWCH28223920604864,407,Segment 1,1991-06-16,79.33
TG-21310,Toby Gnade,490,Consumer,17/01/2002,49.0,Dr Eric Ahmed,QFRX32292697317666,327,Segment 1,1986-06-04,95.37
TG-21640,Trudy Glocke,302,Consumer,18/01/2002,30.2,Damien Howard-Freeman,AJBG06159650112196,718,Segment 1,1982-02-18,1.81
TH-21100,Thea Hendricks,590,Consumer,19/01/2002,59.0,Dr Stewart Morrison,HAOY84158052843501,460,Segment 1,1996-06-27,95.77
TH-21115,Thea Hudgings,701,Corporate,20/01/2002,70.1,Mr Michael Elliott,JLFD92958223595768,795,Segment 3,1987-04-16,47.71
TH-21235,Tiffany House,574,Corporate,21/01/2002,57.4,Tina Mitchell,BOMQ70897206683380,939,Segment 3,2014-01-15,23.3
TH-21550,Tracy Hopkins,432,Home Office,22/01/2002,43.2,Graham Brown,ONCM75555320358601,192,Segment 2,2002-09-23,54.01
TM-21010,Tamara Manning,795,Consumer,23/01/2002,79.5,Marc King-Clarke,YNPA96336957749531,394,Segment 1,1992-10-16,22.18
TM-21490,Tony Molinari,507,Consumer,24/01/2002,50.7,Dr Garry Johnson,ZTDF93371314668497,480,Segment 1,2020-01-18,2.76
TN-21040,Tanja Norvell,287,Home Office,25/01/2002,28.7,Brandon Hill,RUZF18582240343154,597,Segment 2,1974-06-30,83.02
TP-21130,Theone Pippenger,78,Consumer,26/01/2002,7.8,Lee Mitchell-Wright,GSMP31540573370423,644,Segment 1,2009-07-14,25.45
TP-21415,Tom Prescott,594,Consumer,27/01/2002,59.4,Martin O'Brien,LBPX31420134063042,723,Segment 1,2008-05-26,13.59
TP-21565,Tracy Poddar,639,Corporate,28/01/2002,63.9,Stanley Phillips-Williams,PVPI29760791942461,163,Segment 3,1982-10-08,63.1
TR-21325,Toby Ritter,822,Consumer,29/01/2002,82.2,Jason Cole,VKKB66890481357211,361,Segment 1,1974-01-08,68.18
TS-21085,Thais Sissman,110,Consumer,30/01/2002,11.0,Mr Damian Harrison,ISHM95633944129365,62,Segment 1,2019-03-21,38.62
TS-21160,Theresa Swint,751,Corporate,31/01/2002,75.1,Tracy Smith,WURD67138829628064,753,Segment 3,1997-06-23,38.39
TS-21205,Thomas Seio,403,Corporate,01/02/2002,40.3,Mrs Jill Brown,GXCC96799410913806,581,Segment 3,1972-02-02,9.04
TS-21340,Toby Swindell,176,Consumer,02/02/2002,17.6,Julian Singh,KAPU77922165232565,354,Segment 1,2019-02-02,62.0
TS-21370,Todd Sumrall,447,Corporate,03/02/2002,44.7,Sam Wilson,GVXI39120498275000,411,Segment 3,2015-07-12,52.48
TS-21430,Tom Stivers,739,Corporate,04/02/2002,73.9,Judith Wright,LKWD31724413721624,698,Segment 3,1980-07-25,53.54
TS-21505,Tony Sayre,951,Consumer,05/02/2002,95.1,Marion Gray,KIBA53087253429104,780,Segment 1,1974-04-06,46.53
TS-21610,Troy Staebel,804,Consumer,06/02/2002,80.4,Connor Franklin,XKRQ26888100513631,574,Segment 1,1996-10-23,19.44
TS-21655,Trudy Schmidt,316,Consumer,07/02/2002,31.6,Leonard White,YKJD45242657099227,310,Segment 1,1976-02-02,84.15
TT-21070,Ted Trevino,705,Consumer,08/02/2002,70.5,Garry Murray-Shepherd,OCMK60570893522344,747,Segment 1,1979-04-15,19.29
TT-21220,Thomas Thornton,176,Consumer,09/02/2002,17.6,Chloe Berry-Bradley,YBKS40991136172556,354,Segment 1,1974-08-15,62.0
TT-21265,Tim Taslimi,576,Corporate,10/02/2002,57.6,Grace Talbot,MTPY09799672656769,261,Segment 3,2010-01-15,56.42
TT-21460,Tonja Turnell,917,Home Office,11/02/2002,91.7,Damien Coleman-Brown,SCHY69542561129123,53,Segment 2,1997-05-21,38.57
TW-21025,Tamara Willingham,430,Home Office,12/02/2002,43.0,Bethan Moss,TPKJ58253808943301,616,Segment 2,1982-12-14,56.77
TZ-21580,Tracy Zic,908,Consumer,13/02/2002,90.8,Geraldine Martin,APAG46368727795967,136,Segment 1,1990-02-16,38.0
VB-21745,Victoria Brennan,348,Corporate,14/02/2002,34.8,Malcolm Knight,VIOZ83288714541330,574,Segment 3,2004-06-30,61.4
VD-21670,Valerie Dominguez,69,Consumer,15/02/2002,6.9,Mrs Caroline Walton,EIHX01913471206762,767,Segment 1,2014-07-02,18.44
VF-21715,Vicky Freymann,96,Home Office,16/02/2002,9.6,Dr Sarah Thompson,UEJY74757030217673,982,Segment 2,2016-07-04,23.45
VG-21790,Vivek Gonzalez,99,Consumer,17/02/2002,9.9,Hollie Clarke,YIHW90351957112771,777,Segment 1,2014-06-07,29.77
VG-21805,Vivek Grady,377,Corporate,18/02/2002,37.7,Jenna Hutchinson,TBMP94260249931771,405,Segment 3,2018-12-25,59.47
VM-21685,Valerie Mitchum,14,Home Office,19/02/2002,1.4,Harry Brown,ENPV71741814676709,125,Segment 2,2001-08-25,50.08
VM-21835,Vivian Mathis,81,Consumer,20/02/2002,8.1,Sian Walker-Cook,EAHH75455389302227,64,Segment 1,2014-03-14,21.79
VP-21730,Victor Preis,938,Home Office,21/02/2002,93.8,Alison Parker-Hicks,NIUI38080182173788,533,Segment 2,1978-06-22,61.38
VP-21760,Victoria Pisteka,187,Corporate,22/02/2002,18.7,Joyce Evans,NYBU79099106119188,913,Segment 3,1983-11-05,10.12
VS-21820,Vivek Sundaresam,755,Consumer,23/02/2002,75.5,Julie Griffiths-Dobson,VDVZ41828966159533,884,Segment 1,2014-06-10,75.3
VT-21700,Valerie Takahito,234,Home Office,24/02/2002,23.4,Sophie Jones-White,UJPR64350109323889,972,Segment 2,2002-03-20,72.42
VW-21775,Victoria Wilson,131,Corporate,25/02/2002,13.1,Stanley Davies-Naylor,ZQOE21952879840253,235,Segment 3,2004-02-10,87.74
WB-21850,William Brown,452,Consumer,26/02/2002,45.2,Ms Jean Richardson,NCXY27100396859732,916,Segment 1,1976-08-23,13.77
XP-21865,Xylona Preis,454,Consumer,27/02/2002,45.4,Jack Jones,TQHE03597157413635,399,Segment 1,2020-03-06,16.46
YC-21895,Yoseph Carroll,935,Corporate,28/02/2002,93.5,Dr Joseph Evans,EQWE72173994610521,481,Segment 3,2011-11-27,9.13
YS-21880,Yana Sorensen,829,Corporate,01/03/2002,82.9,Sophie Smith,IQBS75487855420886,133,Segment 3,1992-07-29,78.76
ZC-21910,Zuschuss Carroll,745,Consumer,02/03/2002,74.5,Garry Collins,WCLW55750722908697,219,Segment 1,1989-02-22,85.73
ZD-21925,Zuschuss Donatelli,85,Consumer,03/03/2002,8.5,Miss Paige Taylor,UTGV51582666434715,369,Segment 1,1999-11-16,68.45
